
> frontend@0.1.0 dev
> next dev

▲ Next.js 16.2.9 (Turbopack)
- Local:         http://localhost:3000
- Network:       http://192.168.1.35:3000
✓ Ready in 355ms

 GET / 200 in 333ms (next.js: 182ms, application-code: 151ms)
 GET / 200 in 29ms (next.js: 9ms, application-code: 20ms)
 GET / 200 in 13ms (next.js: 2ms, application-code: 11ms)
 GET /contracts 200 in 67ms (next.js: 55ms, application-code: 12ms)
 GET /alerts 200 in 54ms (next.js: 34ms, application-code: 20ms)
 GET /dbt 200 in 43ms (next.js: 27ms, application-code: 16ms)
 GET /dbt 200 in 114ms (next.js: 36ms, application-code: 78ms)
 GET /dbt/catalog 200 in 108ms (next.js: 91ms, application-code: 16ms)
[browser] TypeError: Failed to fetch
    at fetchAssets (src/app/dbt/catalog/page.tsx:21:32)
  19 |         headers: { Authorization: `Bearer ${token}` }
  20 |       });
> 21 |       const sourcesRes = await fetch("http://localhost:8001/api/v1/dbt/sources", {
     |                                ^
  22 |         headers: { Authorization: `Bearer ${token}` }
  23 |       });
  24 |        (src/app/dbt/catalog/page.tsx:36:15)
[browser] TypeError: Failed to fetch
    at fetchAssets (src/app/dbt/catalog/page.tsx:21:32)
  19 |         headers: { Authorization: `Bearer ${token}` }
  20 |       });
> 21 |       const sourcesRes = await fetch("http://localhost:8001/api/v1/dbt/sources", {
     |                                ^
  22 |         headers: { Authorization: `Bearer ${token}` }
  23 |       });
  24 |        (src/app/dbt/catalog/page.tsx:36:15)
 GET /dbt 200 in 24ms (next.js: 5ms, application-code: 19ms)
 GET /dbt 200 in 20ms (next.js: 8ms, application-code: 12ms)
 GET /dbt 200 in 17ms (next.js: 2ms, application-code: 15ms)
 GET /alerts 200 in 18ms (next.js: 6ms, application-code: 12ms)
 GET /contracts 200 in 32ms (next.js: 6ms, application-code: 26ms)
 GET / 200 in 18ms (next.js: 6ms, application-code: 12ms)
 GET /alerts 200 in 27ms (next.js: 9ms, application-code: 18ms)
 GET /dbt 200 in 20ms (next.js: 8ms, application-code: 11ms)
 GET /lineage 200 in 71ms (next.js: 59ms, application-code: 13ms)
 GET /dbt 200 in 16ms (next.js: 3ms, application-code: 13ms)
 GET /contracts 200 in 16ms (next.js: 2ms, application-code: 13ms)
 GET / 200 in 22ms (next.js: 3ms, application-code: 18ms)
 GET / 200 in 98ms (next.js: 33ms, application-code: 66ms)
 GET /contracts 200 in 24ms (next.js: 6ms, application-code: 18ms)
 GET /alerts 200 in 17ms (next.js: 6ms, application-code: 12ms)
 GET /dbt 200 in 26ms (next.js: 4ms, application-code: 21ms)
 GET /lineage 200 in 37ms (next.js: 8ms, application-code: 29ms)
 GET /lineage/graph 200 in 115ms (next.js: 90ms, application-code: 24ms)
 GET /contracts 200 in 74ms (next.js: 23ms, application-code: 51ms)
 GET / 200 in 22ms (next.js: 7ms, application-code: 15ms)
 GET /contracts 200 in 30ms (next.js: 8ms, application-code: 22ms)
 GET /alerts 200 in 31ms (next.js: 6ms, application-code: 25ms)
 GET /dbt 200 in 28ms (next.js: 5ms, application-code: 23ms)
 GET /dbt/catalog 200 in 21ms (next.js: 7ms, application-code: 14ms)
 GET /dbt 200 in 37ms (next.js: 9ms, application-code: 28ms)
 GET /settings 200 in 77ms (next.js: 64ms, application-code: 13ms)
 GET / 200 in 74ms (next.js: 32ms, application-code: 41ms)
 GET /contracts 200 in 33ms (next.js: 4ms, application-code: 28ms)
 GET /alerts 200 in 25ms (next.js: 4ms, application-code: 21ms)
 GET /dbt 200 in 17ms (next.js: 5ms, application-code: 12ms)
 GET /lineage 200 in 26ms (next.js: 8ms, application-code: 19ms)
 GET / 200 in 16ms (next.js: 4ms, application-code: 13ms)
 GET /contracts 200 in 20ms (next.js: 5ms, application-code: 15ms)
 GET /alerts 200 in 168ms (next.js: 149ms, application-code: 19ms)
✓ Compiled in 385ms
 GET /dbt 200 in 13ms (next.js: 2ms, application-code: 11ms)
 GET /lineage 200 in 18ms (next.js: 7ms, application-code: 11ms)
 GET /dbt 200 in 20ms (next.js: 3ms, application-code: 17ms)
 GET / 200 in 48ms (next.js: 27ms, application-code: 20ms)
 GET /settings 200 in 93ms (next.js: 56ms, application-code: 37ms)
 GET /dbt 200 in 54ms (next.js: 24ms, application-code: 30ms)
 GET /lineage 200 in 29ms (next.js: 5ms, application-code: 24ms)
 GET /alerts 200 in 28ms (next.js: 4ms, application-code: 23ms)
 GET /contracts 200 in 40ms (next.js: 16ms, application-code: 24ms)
 GET / 200 in 21ms (next.js: 7ms, application-code: 14ms)
 GET / 200 in 130ms (next.js: 71ms, application-code: 58ms)
 GET / 200 in 39ms (next.js: 5ms, application-code: 34ms)
 GET /contracts 200 in 30ms (next.js: 12ms, application-code: 18ms)
 GET /alerts 200 in 48ms (next.js: 19ms, application-code: 30ms)
 GET /dbt 200 in 29ms (next.js: 5ms, application-code: 23ms)
 GET /lineage 200 in 20ms (next.js: 4ms, application-code: 16ms)
 GET / 200 in 14ms (next.js: 4ms, application-code: 10ms)
 GET /alerts 200 in 39ms (next.js: 11ms, application-code: 28ms)
 GET /dbt 200 in 29ms (next.js: 6ms, application-code: 23ms)
 GET /lineage 200 in 28ms (next.js: 4ms, application-code: 23ms)
 GET / 200 in 24ms (next.js: 4ms, application-code: 20ms)
 GET / 200 in 22ms (next.js: 12ms, application-code: 10ms)
 GET / 200 in 16ms (next.js: 1624µs, application-code: 14ms)
 GET /contracts 200 in 33ms (next.js: 9ms, application-code: 25ms)
 GET /alerts 200 in 27ms (next.js: 4ms, application-code: 23ms)
 GET /dbt 200 in 26ms (next.js: 4ms, application-code: 21ms)
 GET /lineage 200 in 44ms (next.js: 7ms, application-code: 38ms)
 GET / 200 in 15ms (next.js: 2ms, application-code: 12ms)
 GET / 200 in 16ms (next.js: 8ms, application-code: 8ms)
 GET / 200 in 15ms (next.js: 1519µs, application-code: 13ms)
 GET /contracts 200 in 18ms (next.js: 4ms, application-code: 14ms)
 GET /alerts 200 in 32ms (next.js: 5ms, application-code: 27ms)
 GET /dbt 200 in 27ms (next.js: 6ms, application-code: 21ms)
 GET /lineage 200 in 16ms (next.js: 3ms, application-code: 13ms)
 GET / 200 in 17ms (next.js: 4ms, application-code: 14ms)
 GET / 200 in 67ms (next.js: 39ms, application-code: 28ms)
 GET / 200 in 15ms (next.js: 1325µs, application-code: 14ms)
 GET /contracts 200 in 32ms (next.js: 5ms, application-code: 27ms)
 GET /alerts 200 in 27ms (next.js: 4ms, application-code: 23ms)
 GET /dbt 200 in 29ms (next.js: 6ms, application-code: 23ms)
 GET /lineage 200 in 31ms (next.js: 4ms, application-code: 27ms)
 GET /settings 200 in 21ms (next.js: 5ms, application-code: 16ms)
 GET / 200 in 19ms (next.js: 6ms, application-code: 13ms)
 GET /contracts 200 in 16ms (next.js: 4ms, application-code: 12ms)
 GET /alerts 200 in 27ms (next.js: 4ms, application-code: 23ms)
 GET /dbt 200 in 31ms (next.js: 4ms, application-code: 27ms)
 GET /lineage 200 in 16ms (next.js: 4ms, application-code: 12ms)
 GET / 200 in 23ms (next.js: 3ms, application-code: 20ms)
 GET / 200 in 16ms (next.js: 7ms, application-code: 9ms)
 GET / 200 in 17ms (next.js: 4ms, application-code: 13ms)
 GET /contracts 200 in 26ms (next.js: 5ms, application-code: 21ms)
 GET /lineage 200 in 21ms (next.js: 5ms, application-code: 16ms)
 GET /dbt 200 in 21ms (next.js: 4ms, application-code: 17ms)
 GET /contracts 200 in 24ms (next.js: 4ms, application-code: 20ms)
 GET / 200 in 35ms (next.js: 5ms, application-code: 30ms)
 GET / 200 in 51ms (next.js: 25ms, application-code: 26ms)
 GET / 200 in 19ms (next.js: 5ms, application-code: 14ms)
 GET /contracts 200 in 35ms (next.js: 5ms, application-code: 29ms)
 GET /dbt 200 in 16ms (next.js: 4ms, application-code: 12ms)
 GET /lineage 200 in 27ms (next.js: 6ms, application-code: 22ms)
 GET /lineage/graph 200 in 92ms (next.js: 71ms, application-code: 20ms)
 GET /lineage 200 in 68ms (next.js: 16ms, application-code: 52ms)
 GET /dbt 200 in 36ms (next.js: 9ms, application-code: 26ms)
 GET /alerts 200 in 33ms (next.js: 5ms, application-code: 28ms)
 GET /contracts 200 in 17ms (next.js: 4ms, application-code: 13ms)
 GET / 200 in 27ms (next.js: 5ms, application-code: 21ms)
 GET / 200 in 63ms (next.js: 36ms, application-code: 27ms)
 GET / 200 in 16ms (next.js: 1713µs, application-code: 14ms)
 GET / 200 in 11ms (next.js: 5ms, application-code: 6ms)
 GET / 200 in 31ms (next.js: 3ms, application-code: 28ms)
 GET / 200 in 11ms (next.js: 3ms, application-code: 8ms)
 GET / 200 in 23ms (next.js: 3ms, application-code: 20ms)
✓ Compiled in 471ms
 GET /contracts 200 in 70ms (next.js: 31ms, application-code: 39ms)
 GET / 200 in 36ms (next.js: 11ms, application-code: 25ms)
 GET /alerts 200 in 25ms (next.js: 7ms, application-code: 18ms)
 GET /dbt 200 in 34ms (next.js: 16ms, application-code: 18ms)
 GET /lineage 200 in 45ms (next.js: 16ms, application-code: 29ms)
 GET / 200 in 59ms (next.js: 26ms, application-code: 33ms)
✓ Compiled in 187ms
 GET / 200 in 519ms (next.js: 156ms, application-code: 363ms)
 GET / 200 in 236ms (next.js: 71ms, application-code: 165ms)
 GET / 200 in 184ms (next.js: 119ms, application-code: 64ms)
 GET / 200 in 44ms (next.js: 5ms, application-code: 39ms)
 GET / 200 in 189ms (next.js: 4ms, application-code: 186ms)
 GET /alerts 200 in 79ms (next.js: 43ms, application-code: 36ms)
 GET / 200 in 26ms (next.js: 4ms, application-code: 23ms)
 GET /contracts 200 in 53ms (next.js: 34ms, application-code: 19ms)
 GET /alerts 200 in 32ms (next.js: 3ms, application-code: 28ms)
 GET /dbt 200 in 47ms (next.js: 29ms, application-code: 18ms)
 GET /lineage 200 in 54ms (next.js: 36ms, application-code: 19ms)
 GET /dbt 200 in 25ms (next.js: 3ms, application-code: 22ms)
 GET /alerts 200 in 24ms (next.js: 3ms, application-code: 22ms)
 GET /contracts 200 in 17ms (next.js: 4ms, application-code: 13ms)
 GET / 200 in 24ms (next.js: 5ms, application-code: 18ms)
 GET /contracts 200 in 20ms (next.js: 4ms, application-code: 16ms)
 GET /alerts 200 in 17ms (next.js: 3ms, application-code: 14ms)
 GET /dbt 200 in 23ms (next.js: 3ms, application-code: 20ms)
 GET /lineage 200 in 24ms (next.js: 4ms, application-code: 20ms)
 GET /alerts 200 in 26ms (next.js: 3ms, application-code: 23ms)
 GET /dbt 200 in 25ms (next.js: 3ms, application-code: 22ms)
✓ Compiled in 312ms
 GET /alerts 200 in 32ms (next.js: 4ms, application-code: 28ms)
 GET /contracts 200 in 28ms (next.js: 4ms, application-code: 24ms)
 GET / 200 in 29ms (next.js: 6ms, application-code: 22ms)
 GET /contracts 200 in 33ms (next.js: 13ms, application-code: 21ms)
 GET /alerts 200 in 28ms (next.js: 3ms, application-code: 25ms)
 GET /dbt 200 in 25ms (next.js: 5ms, application-code: 20ms)
 GET /lineage 200 in 14ms (next.js: 3ms, application-code: 11ms)
 GET /dbt 200 in 15ms (next.js: 3ms, application-code: 12ms)
 GET /alerts 200 in 23ms (next.js: 3ms, application-code: 20ms)
 GET /contracts 200 in 23ms (next.js: 3ms, application-code: 20ms)
 GET / 200 in 26ms (next.js: 5ms, application-code: 21ms)
 GET /contracts 200 in 24ms (next.js: 4ms, application-code: 20ms)
 GET /alerts 200 in 24ms (next.js: 3ms, application-code: 21ms)
 GET /dbt 200 in 15ms (next.js: 3ms, application-code: 12ms)
 GET /lineage 200 in 19ms (next.js: 5ms, application-code: 14ms)
 GET /alerts 200 in 25ms (next.js: 3ms, application-code: 22ms)
 GET /contracts 200 in 23ms (next.js: 4ms, application-code: 20ms)
 GET / 200 in 27ms (next.js: 5ms, application-code: 22ms)
 GET /alerts 200 in 24ms (next.js: 3ms, application-code: 21ms)
 GET /contracts 200 in 23ms (next.js: 3ms, application-code: 20ms)
 GET /dbt 200 in 22ms (next.js: 3ms, application-code: 20ms)
 GET /alerts 200 in 25ms (next.js: 3ms, application-code: 22ms)
 GET /lineage 200 in 19ms (next.js: 3ms, application-code: 16ms)
 GET /dbt 200 in 30ms (next.js: 3ms, application-code: 27ms)
✓ Compiled in 94ms
 GET /settings 200 in 51ms (next.js: 31ms, application-code: 20ms)
 GET / 200 in 25ms (next.js: 10ms, application-code: 14ms)
 GET /contracts 200 in 28ms (next.js: 7ms, application-code: 21ms)
 GET /alerts 200 in 31ms (next.js: 6ms, application-code: 25ms)
 GET /dbt 200 in 16ms (next.js: 5ms, application-code: 11ms)
 GET /lineage 200 in 39ms (next.js: 12ms, application-code: 27ms)
✓ Compiled in 202ms
✓ Compiled in 280ms
✓ Compiled in 324ms
 GET /settings 200 in 138ms (next.js: 72ms, application-code: 66ms)
 GET /contracts 200 in 43ms (next.js: 12ms, application-code: 31ms)
 GET / 200 in 26ms (next.js: 9ms, application-code: 17ms)
 GET /lineage 200 in 29ms (next.js: 6ms, application-code: 23ms)
 GET /lineage/graph 200 in 100ms (next.js: 77ms, application-code: 23ms)
 GET /settings 200 in 28ms (next.js: 7ms, application-code: 21ms)
 GET / 200 in 22ms (next.js: 5ms, application-code: 17ms)
 GET /contracts 200 in 24ms (next.js: 5ms, application-code: 19ms)
 GET /alerts 200 in 22ms (next.js: 7ms, application-code: 16ms)
 GET /dbt 200 in 31ms (next.js: 6ms, application-code: 25ms)
 GET /lineage 200 in 26ms (next.js: 4ms, application-code: 22ms)
✓ Compiled in 264ms
✓ Compiled in 225ms
✓ Compiled in 118ms
 GET /lineage 200 in 110ms (next.js: 19ms, application-code: 91ms)
 GET /settings 200 in 60ms (next.js: 31ms, application-code: 29ms)
 GET /contracts 200 in 33ms (next.js: 10ms, application-code: 22ms)
 GET /alerts 200 in 23ms (next.js: 6ms, application-code: 17ms)
 GET /dbt 200 in 26ms (next.js: 10ms, application-code: 16ms)
 GET / 200 in 59ms (next.js: 29ms, application-code: 30ms)
 GET /contracts 200 in 29ms (next.js: 6ms, application-code: 23ms)
 GET /alerts 200 in 50ms (next.js: 14ms, application-code: 36ms)
 GET / 200 in 29ms (next.js: 5ms, application-code: 24ms)
 GET /alerts 200 in 20ms (next.js: 3ms, application-code: 18ms)
 GET /alerts 200 in 49ms (next.js: 6ms, application-code: 43ms)
 GET /alerts 200 in 43ms (next.js: 1174µs, application-code: 42ms)
 GET /alerts 200 in 66ms (next.js: 1981µs, application-code: 64ms)
 GET /alerts 200 in 73ms (next.js: 1156µs, application-code: 72ms)
 GET /alerts 200 in 78ms (next.js: 4ms, application-code: 75ms)
 GET /alerts 200 in 59ms (next.js: 4ms, application-code: 55ms)
 GET /alerts 200 in 40ms (next.js: 5ms, application-code: 35ms)
 GET /alerts 200 in 15ms (next.js: 1714µs, application-code: 14ms)
 GET /alerts 200 in 112ms (next.js: 32ms, application-code: 80ms)
 GET /contracts 200 in 34ms (next.js: 12ms, application-code: 22ms)
 GET / 200 in 30ms (next.js: 10ms, application-code: 20ms)
 GET /alerts 200 in 34ms (next.js: 5ms, application-code: 29ms)
 GET /dbt 200 in 53ms (next.js: 25ms, application-code: 28ms)
 GET /lineage 200 in 30ms (next.js: 9ms, application-code: 21ms)
 GET /lineage/graph 200 in 34ms (next.js: 11ms, application-code: 23ms)
 GET /settings 200 in 25ms (next.js: 9ms, application-code: 16ms)
 GET / 200 in 23ms (next.js: 7ms, application-code: 16ms)
 GET /lineage 200 in 350ms (next.js: 191ms, application-code: 158ms)
 GET /dbt 200 in 17ms (next.js: 4ms, application-code: 13ms)
 GET /alerts 200 in 28ms (next.js: 5ms, application-code: 23ms)
 GET /alerts 200 in 84ms (next.js: 28ms, application-code: 56ms)
 GET /settings 200 in 29ms (next.js: 8ms, application-code: 21ms)
 GET / 200 in 26ms (next.js: 6ms, application-code: 20ms)
 GET /contracts 200 in 29ms (next.js: 7ms, application-code: 21ms)
 GET /alerts 200 in 25ms (next.js: 4ms, application-code: 21ms)
 GET /dbt 200 in 23ms (next.js: 4ms, application-code: 18ms)
 GET /lineage 200 in 28ms (next.js: 4ms, application-code: 24ms)
 GET / 200 in 39ms (next.js: 14ms, application-code: 24ms)
 GET /settings 200 in 69ms (next.js: 27ms, application-code: 42ms)
 GET /settings 200 in 326ms (next.js: 103ms, application-code: 223ms)
 GET / 200 in 44ms (next.js: 14ms, application-code: 29ms)
 GET /contracts 200 in 25ms (next.js: 5ms, application-code: 20ms)
 GET /alerts 200 in 17ms (next.js: 4ms, application-code: 12ms)
 GET /dbt 200 in 31ms (next.js: 6ms, application-code: 25ms)
 GET /lineage 200 in 30ms (next.js: 6ms, application-code: 23ms)
 GET / 200 in 22ms (next.js: 5ms, application-code: 17ms)
 GET /lineage 200 in 29ms (next.js: 8ms, application-code: 21ms)
 GET /lineage/graph 200 in 33ms (next.js: 6ms, application-code: 27ms)
 GET /lineage 200 in 82ms (next.js: 9ms, application-code: 73ms)
 GET /lineage 200 in 137ms (next.js: 34ms, application-code: 103ms)
 GET / 200 in 75ms (next.js: 31ms, application-code: 44ms)
 GET /contracts 200 in 18ms (next.js: 6ms, application-code: 12ms)
 GET /alerts 200 in 32ms (next.js: 6ms, application-code: 26ms)
 GET /dbt 200 in 20ms (next.js: 6ms, application-code: 14ms)
 GET /dbt 200 in 16ms (next.js: 2ms, application-code: 14ms)
 GET /lineage 200 in 29ms (next.js: 4ms, application-code: 25ms)
 GET / 200 in 26ms (next.js: 5ms, application-code: 21ms)
 GET / 200 in 98ms (next.js: 34ms, application-code: 64ms)
 GET /lineage 200 in 50ms (next.js: 13ms, application-code: 37ms)
 GET /dbt 200 in 26ms (next.js: 4ms, application-code: 21ms)
 GET /dbt/catalog 200 in 97ms (next.js: 84ms, application-code: 13ms)
 GET /dbt 200 in 15ms (next.js: 2ms, application-code: 13ms)
 GET /alerts 200 in 27ms (next.js: 6ms, application-code: 22ms)
 GET /contracts 200 in 28ms (next.js: 5ms, application-code: 23ms)
 GET / 200 in 25ms (next.js: 7ms, application-code: 19ms)
 GET /contracts 200 in 47ms (next.js: 8ms, application-code: 38ms)
 GET /alerts 200 in 32ms (next.js: 6ms, application-code: 26ms)
 GET /dbt 200 in 19ms (next.js: 4ms, application-code: 14ms)
 GET /lineage 200 in 31ms (next.js: 8ms, application-code: 23ms)
 GET / 200 in 31ms (next.js: 6ms, application-code: 25ms)
 GET /contracts 200 in 17ms (next.js: 4ms, application-code: 12ms)
 GET /settings 200 in 52ms (next.js: 19ms, application-code: 33ms)
 GET / 200 in 51ms (next.js: 13ms, application-code: 38ms)
 GET /contracts 200 in 33ms (next.js: 9ms, application-code: 24ms)
 GET /alerts 200 in 29ms (next.js: 5ms, application-code: 25ms)
 GET /contracts 200 in 25ms (next.js: 3ms, application-code: 22ms)
 GET /contracts/new 200 in 129ms (next.js: 113ms, application-code: 16ms)
 GET /lineage 200 in 46ms (next.js: 12ms, application-code: 34ms)
 GET /dbt 200 in 21ms (next.js: 7ms, application-code: 13ms)
 GET /dbt/catalog 200 in 19ms (next.js: 5ms, application-code: 14ms)
 GET /dbt 200 in 21ms (next.js: 5ms, application-code: 16ms)
 GET /lineage 200 in 28ms (next.js: 5ms, application-code: 23ms)
 GET /lineage/graph 200 in 26ms (next.js: 7ms, application-code: 20ms)
 GET /contracts 200 in 43ms (next.js: 12ms, application-code: 30ms)
 GET / 200 in 32ms (next.js: 5ms, application-code: 27ms)
 GET /alerts 200 in 25ms (next.js: 6ms, application-code: 19ms)
 GET /alerts 200 in 20ms (next.js: 3ms, application-code: 17ms)
 GET /dbt 200 in 21ms (next.js: 3ms, application-code: 17ms)
 GET /lineage 200 in 23ms (next.js: 5ms, application-code: 18ms)
 GET /dbt 200 in 24ms (next.js: 3ms, application-code: 21ms)
 GET /dbt/catalog 200 in 79ms (next.js: 22ms, application-code: 57ms)
 GET /lineage 200 in 20ms (next.js: 5ms, application-code: 15ms)
 GET /lineage/graph 200 in 39ms (next.js: 11ms, application-code: 28ms)
 GET /lineage 200 in 24ms (next.js: 5ms, application-code: 19ms)
 GET /lineage/graph 200 in 39ms (next.js: 10ms, application-code: 29ms)
 GET /lineage 200 in 43ms (next.js: 11ms, application-code: 33ms)
 GET /dbt 200 in 42ms (next.js: 12ms, application-code: 30ms)
 GET /alerts 200 in 24ms (next.js: 5ms, application-code: 19ms)
 GET /dbt 200 in 16ms (next.js: 3ms, application-code: 12ms)
 GET /lineage 200 in 25ms (next.js: 4ms, application-code: 21ms)
 GET /dbt 200 in 25ms (next.js: 2ms, application-code: 23ms)
 GET /alerts 200 in 17ms (next.js: 3ms, application-code: 13ms)
 GET /contracts 200 in 17ms (next.js: 4ms, application-code: 13ms)
 GET / 200 in 24ms (next.js: 5ms, application-code: 19ms)
 GET /contracts 200 in 28ms (next.js: 3ms, application-code: 25ms)
 GET / 200 in 46ms (next.js: 13ms, application-code: 33ms)
 GET /contracts 200 in 41ms (next.js: 13ms, application-code: 28ms)
 GET /alerts 200 in 25ms (next.js: 5ms, application-code: 21ms)
 GET /dbt 200 in 34ms (next.js: 13ms, application-code: 21ms)
 GET /dbt/catalog 200 in 79ms (next.js: 35ms, application-code: 43ms)
 GET /dbt 200 in 30ms (next.js: 6ms, application-code: 24ms)
 GET /contracts 200 in 17ms (next.js: 4ms, application-code: 13ms)
 GET / 200 in 27ms (next.js: 5ms, application-code: 22ms)
 GET /contracts 200 in 27ms (next.js: 3ms, application-code: 24ms)
 GET /alerts 200 in 27ms (next.js: 4ms, application-code: 22ms)
 GET /dbt 200 in 23ms (next.js: 1759µs, application-code: 22ms)
 GET /lineage 200 in 16ms (next.js: 4ms, application-code: 12ms)
 GET /lineage/graph 200 in 98ms (next.js: 35ms, application-code: 64ms)
 GET /lineage 200 in 66ms (next.js: 28ms, application-code: 39ms)
 GET /lineage/graph 200 in 29ms (next.js: 5ms, application-code: 24ms)
 GET /lineage/graph 200 in 1058ms (next.js: 940ms, application-code: 118ms)
 GET /lineage/graph 200 in 118ms (next.js: 12ms, application-code: 106ms)
 GET /lineage/graph 200 in 105ms (next.js: 3ms, application-code: 102ms)
 GET /lineage/graph 200 in 115ms (next.js: 5ms, application-code: 110ms)
 GET /lineage/graph 200 in 106ms (next.js: 1612µs, application-code: 105ms)
 GET /lineage/graph 200 in 106ms (next.js: 2ms, application-code: 104ms)
 GET /lineage/graph 200 in 89ms (next.js: 6ms, application-code: 84ms)
 GET /lineage/graph 200 in 69ms (next.js: 5ms, application-code: 64ms)
 GET /lineage/graph 200 in 56ms (next.js: 2ms, application-code: 54ms)
 GET /lineage/graph 200 in 50ms (next.js: 3ms, application-code: 47ms)
 GET /lineage/graph 200 in 49ms (next.js: 8ms, application-code: 42ms)
 GET /lineage/graph 200 in 44ms (next.js: 2ms, application-code: 42ms)
 GET /lineage/graph 200 in 46ms (next.js: 1269µs, application-code: 45ms)
 GET /lineage/graph 200 in 45ms (next.js: 1323µs, application-code: 44ms)
 GET /lineage/graph 200 in 31ms (next.js: 2ms, application-code: 29ms)
 GET /lineage/graph 200 in 14ms (next.js: 1431µs, application-code: 13ms)
✓ Compiled in 2.6s
 GET /lineage/graph 200 in 80ms (next.js: 1057µs, application-code: 79ms)
 GET /lineage/graph 200 in 94ms (next.js: 1328µs, application-code: 92ms)
 GET /lineage/graph 200 in 80ms (next.js: 8ms, application-code: 72ms)
 GET /lineage/graph 200 in 62ms (next.js: 2ms, application-code: 59ms)
 GET /lineage/graph 200 in 50ms (next.js: 1695µs, application-code: 48ms)
 GET /lineage/graph 200 in 49ms (next.js: 2ms, application-code: 47ms)
 GET /lineage/graph 200 in 42ms (next.js: 1452µs, application-code: 40ms)
 GET /lineage/graph 200 in 39ms (next.js: 1964µs, application-code: 37ms)
 GET /lineage/graph 200 in 37ms (next.js: 2ms, application-code: 35ms)
 GET /lineage/graph 200 in 43ms (next.js: 1601µs, application-code: 41ms)
 GET /lineage/graph 200 in 44ms (next.js: 2ms, application-code: 42ms)
 GET /lineage/graph 200 in 42ms (next.js: 1687µs, application-code: 41ms)
 GET /lineage/graph 200 in 37ms (next.js: 3ms, application-code: 35ms)
 GET /lineage/graph 200 in 38ms (next.js: 1053µs, application-code: 37ms)
 GET /lineage/graph 200 in 40ms (next.js: 1111µs, application-code: 39ms)
 GET /lineage/graph 200 in 40ms (next.js: 1604µs, application-code: 39ms)
 GET /lineage/graph 200 in 29ms (next.js: 1690µs, application-code: 28ms)
 GET /lineage/graph 200 in 16ms (next.js: 2ms, application-code: 13ms)
✓ Compiled in 0ms
 GET /lineage/graph 200 in 585ms (next.js: 444ms, application-code: 141ms)
 GET /lineage/graph 200 in 123ms (next.js: 4ms, application-code: 119ms)
 GET /lineage/graph 200 in 56ms (next.js: 4ms, application-code: 51ms)
 GET /lineage/graph 200 in 50ms (next.js: 4ms, application-code: 46ms)
 GET /lineage/graph 200 in 54ms (next.js: 1149µs, application-code: 52ms)
 GET /lineage/graph 200 in 51ms (next.js: 2ms, application-code: 49ms)
 GET /lineage/graph 200 in 47ms (next.js: 5ms, application-code: 42ms)
 GET /lineage/graph 200 in 46ms (next.js: 1696µs, application-code: 44ms)
 GET /lineage/graph 200 in 64ms (next.js: 1677µs, application-code: 63ms)
 GET /lineage/graph 200 in 67ms (next.js: 5ms, application-code: 62ms)
 GET /lineage/graph 200 in 65ms (next.js: 3ms, application-code: 62ms)
 GET /lineage/graph 200 in 48ms (next.js: 2ms, application-code: 46ms)
 GET /lineage/graph 200 in 42ms (next.js: 2ms, application-code: 39ms)
 GET /lineage/graph 200 in 40ms (next.js: 1710µs, application-code: 38ms)
 GET /lineage/graph 200 in 38ms (next.js: 1782µs, application-code: 36ms)
 GET /lineage/graph 200 in 40ms (next.js: 3ms, application-code: 37ms)
 GET /lineage/graph 200 in 38ms (next.js: 1766µs, application-code: 36ms)
 GET /lineage/graph 200 in 37ms (next.js: 2ms, application-code: 35ms)
 GET /lineage/graph 200 in 38ms (next.js: 1960µs, application-code: 36ms)
 GET /lineage/graph 200 in 39ms (next.js: 1672µs, application-code: 37ms)
 GET /lineage/graph 200 in 42ms (next.js: 1168µs, application-code: 41ms)
 GET /lineage/graph 200 in 44ms (next.js: 1856µs, application-code: 42ms)
 GET /lineage/graph 200 in 45ms (next.js: 1896µs, application-code: 43ms)
 GET /lineage/graph 200 in 47ms (next.js: 1244µs, application-code: 45ms)
 GET /lineage/graph 200 in 44ms (next.js: 2ms, application-code: 42ms)
 GET /lineage/graph 200 in 83ms (next.js: 3ms, application-code: 79ms)
 GET /lineage/graph 200 in 68ms (next.js: 3ms, application-code: 65ms)
 GET /lineage/graph 200 in 57ms (next.js: 1344µs, application-code: 55ms)
 GET /lineage/graph 200 in 39ms (next.js: 1327µs, application-code: 37ms)
 GET /lineage/graph 200 in 37ms (next.js: 1995µs, application-code: 35ms)
 GET /lineage/graph 200 in 34ms (next.js: 2ms, application-code: 32ms)
 GET /lineage/graph 200 in 36ms (next.js: 1317µs, application-code: 34ms)
 GET /lineage/graph 200 in 38ms (next.js: 1656µs, application-code: 36ms)
 GET /lineage/graph 200 in 38ms (next.js: 1214µs, application-code: 37ms)
 GET /lineage/graph 200 in 36ms (next.js: 1941µs, application-code: 34ms)
 GET /lineage/graph 200 in 37ms (next.js: 1645µs, application-code: 36ms)
 GET /lineage/graph 200 in 27ms (next.js: 1898µs, application-code: 25ms)
 GET /lineage/graph 200 in 16ms (next.js: 1873µs, application-code: 14ms)
 GET /lineage/graph 200 in 400ms (next.js: 299ms, application-code: 102ms)
 GET /lineage/graph 200 in 58ms (next.js: 4ms, application-code: 54ms)
 GET /lineage/graph 200 in 40ms (next.js: 2ms, application-code: 38ms)
 GET /lineage/graph 200 in 41ms (next.js: 1981µs, application-code: 39ms)
 GET /lineage/graph 200 in 41ms (next.js: 1087µs, application-code: 40ms)
 GET /lineage/graph 200 in 39ms (next.js: 2ms, application-code: 37ms)
 GET /lineage/graph 200 in 38ms (next.js: 1665µs, application-code: 36ms)
 GET /lineage/graph 200 in 39ms (next.js: 1712µs, application-code: 37ms)
 GET /lineage/graph 200 in 45ms (next.js: 2ms, application-code: 43ms)
 GET /lineage/graph 200 in 48ms (next.js: 4ms, application-code: 44ms)
 GET /lineage/graph 200 in 54ms (next.js: 1693µs, application-code: 52ms)
 GET /lineage/graph 200 in 56ms (next.js: 2ms, application-code: 54ms)
 GET /lineage/graph 200 in 57ms (next.js: 3ms, application-code: 54ms)
 GET /lineage/graph 200 in 54ms (next.js: 4ms, application-code: 50ms)
 GET /lineage/graph 200 in 48ms (next.js: 3ms, application-code: 46ms)
 GET /lineage/graph 200 in 47ms (next.js: 2ms, application-code: 44ms)
 GET /lineage/graph 200 in 44ms (next.js: 2ms, application-code: 42ms)
 GET /lineage/graph 200 in 44ms (next.js: 2ms, application-code: 42ms)
 GET /lineage/graph 200 in 39ms (next.js: 1961µs, application-code: 37ms)
 GET /lineage/graph 200 in 38ms (next.js: 5ms, application-code: 33ms)
 GET /lineage/graph 200 in 38ms (next.js: 1647µs, application-code: 36ms)
 GET /lineage/graph 200 in 37ms (next.js: 1683µs, application-code: 36ms)
 GET /lineage/graph 200 in 36ms (next.js: 2ms, application-code: 33ms)
 GET /lineage/graph 200 in 33ms (next.js: 1665µs, application-code: 32ms)
 GET /lineage/graph 200 in 43ms (next.js: 1534µs, application-code: 42ms)
 GET /lineage/graph 200 in 60ms (next.js: 1556µs, application-code: 59ms)
 GET /lineage/graph 200 in 61ms (next.js: 1810µs, application-code: 59ms)
 GET /lineage/graph 200 in 54ms (next.js: 5ms, application-code: 49ms)
 GET /lineage/graph 200 in 39ms (next.js: 1774µs, application-code: 37ms)
 GET /lineage/graph 200 in 39ms (next.js: 1711µs, application-code: 37ms)
 GET /lineage/graph 200 in 37ms (next.js: 2ms, application-code: 34ms)
 GET /lineage/graph 200 in 36ms (next.js: 2ms, application-code: 34ms)
 GET /lineage/graph 200 in 37ms (next.js: 1512µs, application-code: 36ms)
 GET /lineage/graph 200 in 39ms (next.js: 1831µs, application-code: 37ms)
 GET /lineage/graph 200 in 40ms (next.js: 1929µs, application-code: 39ms)
 GET /lineage/graph 200 in 42ms (next.js: 2ms, application-code: 39ms)
 GET /lineage/graph 200 in 40ms (next.js: 1965µs, application-code: 38ms)
 GET /lineage/graph 200 in 38ms (next.js: 1788µs, application-code: 36ms)
 GET /lineage/graph 200 in 34ms (next.js: 1643µs, application-code: 33ms)
 GET /lineage/graph 200 in 34ms (next.js: 2ms, application-code: 31ms)
 GET /lineage/graph 200 in 23ms (next.js: 1685µs, application-code: 22ms)
 GET /lineage/graph 200 in 13ms (next.js: 1838µs, application-code: 12ms)
✓ Compiled in 537ms
✓ Compiled in 338ms
 GET /lineage/graph 200 in 419ms (next.js: 318ms, application-code: 101ms)
 GET /lineage/graph 200 in 62ms (next.js: 5ms, application-code: 58ms)
 GET /lineage/graph 200 in 46ms (next.js: 1081µs, application-code: 45ms)
 GET /lineage/graph 200 in 47ms (next.js: 1121µs, application-code: 46ms)
 GET /lineage/graph 200 in 51ms (next.js: 1432µs, application-code: 49ms)
 GET /lineage/graph 200 in 54ms (next.js: 1324µs, application-code: 52ms)
 GET /lineage/graph 200 in 60ms (next.js: 1973µs, application-code: 58ms)
 GET /lineage/graph 200 in 66ms (next.js: 1525µs, application-code: 64ms)
 GET /lineage/graph 200 in 64ms (next.js: 5ms, application-code: 60ms)
 GET /lineage/graph 200 in 54ms (next.js: 8ms, application-code: 46ms)
 GET /lineage/graph 200 in 45ms (next.js: 1994µs, application-code: 43ms)
 GET /lineage/graph 200 in 39ms (next.js: 1333µs, application-code: 38ms)
 GET /lineage/graph 200 in 38ms (next.js: 3ms, application-code: 35ms)
 GET /lineage/graph 200 in 36ms (next.js: 1712µs, application-code: 35ms)
 GET /lineage/graph 200 in 35ms (next.js: 1259µs, application-code: 34ms)
 GET /lineage/graph 200 in 39ms (next.js: 1348µs, application-code: 37ms)
 GET /lineage/graph 200 in 38ms (next.js: 1818µs, application-code: 36ms)
 GET /lineage/graph 200 in 37ms (next.js: 1770µs, application-code: 35ms)
 GET /lineage/graph 200 in 33ms (next.js: 1468µs, application-code: 32ms)
 GET /lineage/graph 200 in 35ms (next.js: 1115µs, application-code: 34ms)
 GET /lineage/graph 200 in 39ms (next.js: 1695µs, application-code: 37ms)
 GET /lineage/graph 200 in 40ms (next.js: 1790µs, application-code: 38ms)
 GET /lineage/graph 200 in 39ms (next.js: 1755µs, application-code: 38ms)
 GET /lineage/graph 200 in 38ms (next.js: 1790µs, application-code: 36ms)
 GET /lineage/graph 200 in 45ms (next.js: 1787µs, application-code: 43ms)
 GET /lineage/graph 200 in 61ms (next.js: 2ms, application-code: 59ms)
 GET /lineage/graph 200 in 59ms (next.js: 1110µs, application-code: 58ms)
 GET /lineage/graph 200 in 55ms (next.js: 7ms, application-code: 48ms)
 GET /lineage/graph 200 in 37ms (next.js: 1591µs, application-code: 35ms)
 GET /lineage/graph 200 in 43ms (next.js: 5ms, application-code: 38ms)
 GET /lineage/graph 200 in 40ms (next.js: 1554µs, application-code: 39ms)
 GET /lineage/graph 200 in 41ms (next.js: 1632µs, application-code: 39ms)
 GET /lineage/graph 200 in 34ms (next.js: 2ms, application-code: 32ms)
 GET /lineage/graph 200 in 34ms (next.js: 1729µs, application-code: 32ms)
 GET /lineage/graph 200 in 34ms (next.js: 1698µs, application-code: 32ms)
 GET /lineage/graph 200 in 37ms (next.js: 1653µs, application-code: 35ms)
 GET /lineage/graph 200 in 37ms (next.js: 2ms, application-code: 35ms)
 GET /lineage/graph 200 in 35ms (next.js: 1030µs, application-code: 34ms)
 GET /lineage/graph 200 in 41ms (next.js: 1701µs, application-code: 40ms)
 GET /lineage/graph 200 in 32ms (next.js: 1519µs, application-code: 31ms)
 GET /lineage/graph 200 in 33ms (next.js: 1594µs, application-code: 32ms)
 GET /lineage/graph 200 in 34ms (next.js: 1040µs, application-code: 33ms)
 GET /lineage/graph 200 in 35ms (next.js: 1553µs, application-code: 33ms)
 GET /lineage/graph 200 in 33ms (next.js: 1618µs, application-code: 32ms)
 GET /lineage/graph 200 in 23ms (next.js: 1950µs, application-code: 21ms)
 GET /lineage/graph 200 in 12ms (next.js: 1563µs, application-code: 11ms)
 GET /lineage/graph 200 in 251ms (next.js: 11ms, application-code: 240ms)
✓ Compiled in 1ms
 GET /lineage/graph 200 in 804ms (next.js: 441ms, application-code: 363ms)
 GET /lineage/graph 200 in 314ms (next.js: 9ms, application-code: 305ms)
 GET /lineage/graph 200 in 86ms (next.js: 6ms, application-code: 81ms)
 GET /lineage/graph 200 in 65ms (next.js: 5ms, application-code: 59ms)
 GET /lineage/graph 200 in 59ms (next.js: 6ms, application-code: 52ms)
 GET /lineage/graph 200 in 48ms (next.js: 1112µs, application-code: 47ms)
 GET /lineage/graph 200 in 49ms (next.js: 1734µs, application-code: 47ms)
 GET /lineage/graph 200 in 46ms (next.js: 1362µs, application-code: 45ms)
 GET /lineage/graph 200 in 54ms (next.js: 1953µs, application-code: 52ms)
 GET /lineage/graph 200 in 55ms (next.js: 1930µs, application-code: 53ms)
 GET /lineage/graph 200 in 57ms (next.js: 3ms, application-code: 54ms)
 GET /lineage/graph 200 in 47ms (next.js: 3ms, application-code: 44ms)
 GET /lineage/graph 200 in 122ms (next.js: 4ms, application-code: 118ms)
 GET /lineage/graph 200 in 132ms (next.js: 1198µs, application-code: 130ms)
 GET /lineage/graph 200 in 132ms (next.js: 12ms, application-code: 120ms)
 GET /lineage/graph 200 in 54ms (next.js: 2ms, application-code: 52ms)
 GET /lineage/graph 200 in 39ms (next.js: 2ms, application-code: 37ms)
 GET /lineage/graph 200 in 39ms (next.js: 1882µs, application-code: 37ms)
 GET /lineage/graph 200 in 38ms (next.js: 2ms, application-code: 36ms)
 GET /lineage/graph 200 in 37ms (next.js: 1076µs, application-code: 36ms)
 GET /lineage/graph 200 in 38ms (next.js: 1830µs, application-code: 36ms)
 GET /lineage/graph 200 in 37ms (next.js: 1412µs, application-code: 35ms)
 GET /lineage/graph 200 in 38ms (next.js: 1048µs, application-code: 37ms)
 GET /lineage/graph 200 in 40ms (next.js: 1716µs, application-code: 38ms)
 GET /lineage/graph 200 in 40ms (next.js: 2ms, application-code: 38ms)
 GET /lineage/graph 200 in 39ms (next.js: 2ms, application-code: 37ms)
 GET /lineage/graph 200 in 37ms (next.js: 1176µs, application-code: 36ms)
 GET /lineage/graph 200 in 40ms (next.js: 3ms, application-code: 37ms)
 GET /lineage/graph 200 in 38ms (next.js: 1785µs, application-code: 36ms)
 GET /lineage/graph 200 in 39ms (next.js: 2ms, application-code: 36ms)
 GET /lineage/graph 200 in 36ms (next.js: 1103µs, application-code: 35ms)
 GET /lineage/graph 200 in 41ms (next.js: 2ms, application-code: 39ms)
 GET /lineage/graph 200 in 41ms (next.js: 2ms, application-code: 38ms)
 GET /lineage/graph 200 in 42ms (next.js: 3ms, application-code: 39ms)
 GET /lineage/graph 200 in 36ms (next.js: 1945µs, application-code: 34ms)
 GET /lineage/graph 200 in 35ms (next.js: 1560µs, application-code: 34ms)
 GET /lineage/graph 200 in 35ms (next.js: 1737µs, application-code: 33ms)
 GET /lineage/graph 200 in 36ms (next.js: 1135µs, application-code: 35ms)
 GET /lineage/graph 200 in 36ms (next.js: 1926µs, application-code: 34ms)
 GET /lineage/graph 200 in 37ms (next.js: 1105µs, application-code: 35ms)
 GET /lineage/graph 200 in 40ms (next.js: 1619µs, application-code: 38ms)
 GET /lineage/graph 200 in 41ms (next.js: 2ms, application-code: 38ms)
 GET /lineage/graph 200 in 38ms (next.js: 1762µs, application-code: 36ms)
 GET /lineage/graph 200 in 52ms (next.js: 1795µs, application-code: 51ms)
 GET /lineage/graph 200 in 57ms (next.js: 1011µs, application-code: 56ms)
 GET /lineage/graph 200 in 62ms (next.js: 3ms, application-code: 59ms)
 GET /lineage/graph 200 in 35ms (next.js: 2ms, application-code: 33ms)
 GET /lineage/graph 200 in 20ms (next.js: 3ms, application-code: 17ms)
✓ Compiled in 707ms
[browser] ./src/app/Sidebar.tsx:119:1
Unexpected token. Did you mean `{'}'}` or `&rbrace;`?
  117 |     </nav>
  118 |   );
> 119 | }
      | ^
  120 |

Parsing ecmascript source code failed

Import trace:
  Server Component:
    ./src/app/Sidebar.tsx
    ./src/app/layout.tsx 
[browser] ./src/app/Sidebar.tsx:119:1
Unexpected token. Did you mean `{'}'}` or `&rbrace;`?
  117 |     </nav>
  118 |   );
> 119 | }
      | ^
  120 |

Parsing ecmascript source code failed

Import trace:
  Server Component:
    ./src/app/Sidebar.tsx
    ./src/app/layout.tsx 
⨯ ./src/app/Sidebar.tsx:119:1
Unexpected token. Did you mean `{'}'}` or `&rbrace;`?
  [90m117 |[0m     </nav>
  [90m118 |[0m   );
[31m[1m>[0m [90m119 |[0m }
  [90m    |[0m [31m[1m^[0m
  [90m120 |[0m

Parsing ecmascript source code failed

Import trace:
  Server Component:
    ./src/app/Sidebar.tsx
    ./src/app/layout.tsx


[browser] ./src/app/Sidebar.tsx:119:1
Unexpected token. Did you mean `{'}'}` or `&rbrace;`?
  117 |     </nav>
  118 |   );
> 119 | }
      | ^
  120 |

Parsing ecmascript source code failed

Import trace:
  Server Component:
    ./src/app/Sidebar.tsx
    ./src/app/layout.tsx 
[browser] ./src/app/Sidebar.tsx:119:1
Unexpected token. Did you mean `{'}'}` or `&rbrace;`?
  117 |     </nav>
  118 |   );
> 119 | }
      | ^
  120 |

Parsing ecmascript source code failed

Import trace:
  Server Component:
    ./src/app/Sidebar.tsx
    ./src/app/layout.tsx 
[browser] ./src/app/Sidebar.tsx:119:1
Unexpected token. Did you mean `{'}'}` or `&rbrace;`?
  117 |     </nav>
  118 |   );
> 119 | }
      | ^
  120 |

Parsing ecmascript source code failed

Import trace:
  Server Component:
    ./src/app/Sidebar.tsx
    ./src/app/layout.tsx 
 GET /lineage/graph 500 in 409ms (next.js: 208ms, application-code: 201ms)
[browser] Uncaught Error: ./src/app/Sidebar.tsx:119:1
Unexpected token. Did you mean `{'}'}` or `&rbrace;`?
  117 |     </nav>
  118 |   );
> 119 | }
      | ^
  120 |

Parsing ecmascript source code failed

Import trace:
  Server Component:
    ./src/app/Sidebar.tsx
    ./src/app/layout.tsx


    at <unknown> (Error: ./src/app/Sidebar.tsx:119:1)
    at <unknown> (Error: (./src/app/Sidebar.tsx:119:1)
[browser] ./src/app/Sidebar.tsx:119:1
Unexpected token. Did you mean `{'}'}` or `&rbrace;`?
  117 |     </nav>
  118 |   );
> 119 | }
      | ^
  120 |

Parsing ecmascript source code failed

Import trace:
  Server Component:
    ./src/app/Sidebar.tsx
    ./src/app/layout.tsx 
[browser] ./src/app/Sidebar.tsx:119:1
Unexpected token. Did you mean `{'}'}` or `&rbrace;`?
  117 |     </nav>
  118 |   );
> 119 | }
      | ^
  120 |

Parsing ecmascript source code failed

Import trace:
  Server Component:
    ./src/app/Sidebar.tsx
    ./src/app/layout.tsx 
[browser] ./src/app/Sidebar.tsx:119:1
Unexpected token. Did you mean `{'}'}` or `&rbrace;`?
  117 |     </nav>
  118 |   );
> 119 | }
      | ^
  120 |

Parsing ecmascript source code failed

Import trace:
  Server Component:
    ./src/app/Sidebar.tsx
    ./src/app/layout.tsx 
[browser] ./src/app/Sidebar.tsx:119:1
Unexpected token. Did you mean `{'}'}` or `&rbrace;`?
  117 |     </nav>
  118 |   );
> 119 | }
      | ^
  120 |

Parsing ecmascript source code failed

Import trace:
  Server Component:
    ./src/app/Sidebar.tsx
    ./src/app/layout.tsx 
[browser] ./src/app/Sidebar.tsx:119:1
Unexpected token. Did you mean `{'}'}` or `&rbrace;`?
  117 |     </nav>
  118 |   );
> 119 | }
      | ^
  120 |

Parsing ecmascript source code failed

Import trace:
  Server Component:
    ./src/app/Sidebar.tsx
    ./src/app/layout.tsx 
[browser] ./src/app/Sidebar.tsx:119:1
Unexpected token. Did you mean `{'}'}` or `&rbrace;`?
  117 |     </nav>
  118 |   );
> 119 | }
      | ^
  120 |

Parsing ecmascript source code failed

Import trace:
  Server Component:
    ./src/app/Sidebar.tsx
    ./src/app/layout.tsx 
[browser] ./src/app/Sidebar.tsx:119:1
Unexpected token. Did you mean `{'}'}` or `&rbrace;`?
  117 |     </nav>
  118 |   );
> 119 | }
      | ^
  120 |

Parsing ecmascript source code failed

Import trace:
  Server Component:
    ./src/app/Sidebar.tsx
    ./src/app/layout.tsx 
[browser] ./src/app/Sidebar.tsx:119:1
Unexpected token. Did you mean `{'}'}` or `&rbrace;`?
  117 |     </nav>
  118 |   );
> 119 | }
      | ^
  120 |

Parsing ecmascript source code failed

Import trace:
  Server Component:
    ./src/app/Sidebar.tsx
    ./src/app/layout.tsx 
[browser] ./src/app/Sidebar.tsx:119:1
Unexpected token. Did you mean `{'}'}` or `&rbrace;`?
  117 |     </nav>
  118 |   );
> 119 | }
      | ^
  120 |

Parsing ecmascript source code failed

Import trace:
  Server Component:
    ./src/app/Sidebar.tsx
    ./src/app/layout.tsx 
[browser] ./src/app/Sidebar.tsx:119:1
Unexpected token. Did you mean `{'}'}` or `&rbrace;`?
  117 |     </nav>
  118 |   );
> 119 | }
      | ^
  120 |

Parsing ecmascript source code failed

Import trace:
  Server Component:
    ./src/app/Sidebar.tsx
    ./src/app/layout.tsx 
[browser] ./src/app/Sidebar.tsx:119:1
Unexpected token. Did you mean `{'}'}` or `&rbrace;`?
  117 |     </nav>
  118 |   );
> 119 | }
      | ^
  120 |

Parsing ecmascript source code failed

Import trace:
  Server Component:
    ./src/app/Sidebar.tsx
    ./src/app/layout.tsx 
✓ Compiled in 912ms
 GET /lineage/graph 200 in 348ms (next.js: 123ms, application-code: 225ms)
 GET /lineage/graph 200 in 77ms (next.js: 1569µs, application-code: 75ms)
○ Compiling /executive ...
 GET /executive 200 in 3.9s (next.js: 3.9s, application-code: 38ms)
[browser] The width(-1) and height(-1) of chart should be greater than 0,
       please check the style of container, or the props width(100%) and height(100%),
       or add a minWidth(0) or minHeight(undefined) or use aspect(undefined) to control the
       height and width.
[browser] The width(-1) and height(-1) of chart should be greater than 0,
       please check the style of container, or the props width(100%) and height(100%),
       or add a minWidth(0) or minHeight(undefined) or use aspect(undefined) to control the
       height and width.
[browser] The width(-1) and height(-1) of chart should be greater than 0,
       please check the style of container, or the props width(100%) and height(100%),
       or add a minWidth(0) or minHeight(undefined) or use aspect(undefined) to control the
       height and width.
[browser] The width(-1) and height(-1) of chart should be greater than 0,
       please check the style of container, or the props width(100%) and height(100%),
       or add a minWidth(0) or minHeight(undefined) or use aspect(undefined) to control the
       height and width.
 GET /ownership 200 in 1546ms (next.js: 1497ms, application-code: 49ms)
[browser] The width(-1) and height(-1) of chart should be greater than 0,
       please check the style of container, or the props width(100%) and height(100%),
       or add a minWidth(0) or minHeight(undefined) or use aspect(undefined) to control the
       height and width.
[browser] The width(-1) and height(-1) of chart should be greater than 0,
       please check the style of container, or the props width(100%) and height(100%),
       or add a minWidth(0) or minHeight(undefined) or use aspect(undefined) to control the
       height and width.
 GET /teams 200 in 766ms (next.js: 739ms, application-code: 28ms)
 GET /teams/data-platform 404 in 88ms (next.js: 68ms, application-code: 20ms)
 GET /teams/data-platform 404 in 54ms (next.js: 8ms, application-code: 46ms)
 GET /teams 200 in 82ms (next.js: 10ms, application-code: 72ms)
 GET /runbooks 200 in 625ms (next.js: 608ms, application-code: 17ms)
✓ Compiled in 0ms
 GET /runbooks 200 in 424ms (next.js: 347ms, application-code: 77ms)
 GET /runbooks 200 in 63ms (next.js: 2ms, application-code: 61ms)
 GET /runbooks 200 in 37ms (next.js: 1672µs, application-code: 35ms)
 GET /runbooks 200 in 46ms (next.js: 1039µs, application-code: 45ms)
 GET /runbooks 200 in 46ms (next.js: 1008µs, application-code: 45ms)
 GET /runbooks 200 in 54ms (next.js: 3ms, application-code: 51ms)
 GET /runbooks 200 in 506ms (next.js: 1194µs, application-code: 504ms)
 GET /runbooks 200 in 518ms (next.js: 4ms, application-code: 514ms)
 GET /runbooks 200 in 513ms (next.js: 5ms, application-code: 509ms)
 GET /runbooks 200 in 67ms (next.js: 20ms, application-code: 46ms)
 GET /runbooks 200 in 45ms (next.js: 1747µs, application-code: 44ms)
 GET /runbooks 200 in 51ms (next.js: 2ms, application-code: 49ms)
 GET /runbooks 200 in 60ms (next.js: 1857µs, application-code: 59ms)
 GET /runbooks 200 in 60ms (next.js: 2ms, application-code: 58ms)
 GET /runbooks 200 in 52ms (next.js: 3ms, application-code: 49ms)
 GET /runbooks 200 in 39ms (next.js: 1622µs, application-code: 38ms)
 GET /runbooks 200 in 37ms (next.js: 2ms, application-code: 35ms)
 GET /runbooks 200 in 41ms (next.js: 1579µs, application-code: 40ms)
 GET /runbooks 200 in 45ms (next.js: 1884µs, application-code: 43ms)
 GET /runbooks 200 in 54ms (next.js: 2ms, application-code: 51ms)
 GET /runbooks 200 in 50ms (next.js: 4ms, application-code: 47ms)
 GET /runbooks 200 in 51ms (next.js: 2ms, application-code: 49ms)
 GET /runbooks 200 in 47ms (next.js: 5ms, application-code: 42ms)
 GET /runbooks 200 in 47ms (next.js: 4ms, application-code: 43ms)
 GET /runbooks 200 in 46ms (next.js: 1956µs, application-code: 44ms)
 GET /runbooks 200 in 48ms (next.js: 2ms, application-code: 46ms)
 GET /runbooks 200 in 59ms (next.js: 1985µs, application-code: 57ms)
 GET /runbooks 200 in 74ms (next.js: 4ms, application-code: 70ms)
 GET /runbooks 200 in 72ms (next.js: 1886µs, application-code: 71ms)
 GET /runbooks 200 in 59ms (next.js: 13ms, application-code: 46ms)
 GET /runbooks 200 in 61ms (next.js: 2ms, application-code: 59ms)
 GET /runbooks 200 in 48ms (next.js: 2ms, application-code: 46ms)
 GET /runbooks 200 in 53ms (next.js: 2ms, application-code: 51ms)
 GET /runbooks 200 in 52ms (next.js: 1999µs, application-code: 50ms)
 GET /runbooks 200 in 46ms (next.js: 3ms, application-code: 43ms)
 GET /runbooks 200 in 39ms (next.js: 2ms, application-code: 37ms)
 GET /runbooks 200 in 39ms (next.js: 2ms, application-code: 37ms)
 GET /runbooks 200 in 45ms (next.js: 2ms, application-code: 43ms)
 GET /runbooks 200 in 45ms (next.js: 3ms, application-code: 42ms)
 GET /runbooks 200 in 43ms (next.js: 1748µs, application-code: 41ms)
 GET /runbooks 200 in 39ms (next.js: 2ms, application-code: 36ms)
 GET /runbooks 200 in 44ms (next.js: 1790µs, application-code: 42ms)
 GET /runbooks 200 in 43ms (next.js: 2ms, application-code: 41ms)
 GET /runbooks 200 in 47ms (next.js: 1961µs, application-code: 45ms)
 GET /runbooks 200 in 55ms (next.js: 1958µs, application-code: 53ms)
 GET /runbooks 200 in 94ms (next.js: 1868µs, application-code: 92ms)
 GET /runbooks 200 in 120ms (next.js: 2ms, application-code: 118ms)
 GET /runbooks 200 in 130ms (next.js: 7ms, application-code: 123ms)
 GET /runbooks 200 in 119ms (next.js: 7ms, application-code: 112ms)
 GET /runbooks 200 in 81ms (next.js: 4ms, application-code: 78ms)
 GET /runbooks 200 in 52ms (next.js: 3ms, application-code: 49ms)
 GET /runbooks 200 in 464ms (next.js: 324ms, application-code: 140ms)
 GET /runbooks 200 in 137ms (next.js: 110ms, application-code: 27ms)
 GET /runbooks 200 in 22ms (next.js: 1173µs, application-code: 21ms)
 GET /runbooks 200 in 33ms (next.js: 1599µs, application-code: 31ms)
 GET /runbooks 200 in 35ms (next.js: 907µs, application-code: 34ms)
 GET /runbooks 200 in 38ms (next.js: 1313µs, application-code: 36ms)
 GET /runbooks 200 in 41ms (next.js: 914µs, application-code: 41ms)
 GET /runbooks 200 in 43ms (next.js: 1530µs, application-code: 41ms)
 GET /runbooks 200 in 50ms (next.js: 1612µs, application-code: 48ms)
✓ Compiled in 0ms
 GET /runbooks 200 in 69ms (next.js: 1911µs, application-code: 67ms)
 GET /runbooks 200 in 71ms (next.js: 2ms, application-code: 69ms)
 GET /runbooks 200 in 73ms (next.js: 5ms, application-code: 68ms)
 GET /runbooks 200 in 56ms (next.js: 5ms, application-code: 51ms)
 GET /runbooks 200 in 60ms (next.js: 3ms, application-code: 57ms)
 GET /runbooks 200 in 61ms (next.js: 3ms, application-code: 58ms)
 GET /runbooks 200 in 58ms (next.js: 3ms, application-code: 55ms)
 GET /runbooks 200 in 45ms (next.js: 3ms, application-code: 42ms)
 GET /runbooks 200 in 37ms (next.js: 3ms, application-code: 35ms)
 GET /runbooks 200 in 36ms (next.js: 1548µs, application-code: 35ms)
 GET /runbooks 200 in 40ms (next.js: 2ms, application-code: 38ms)
 GET /runbooks 200 in 43ms (next.js: 2ms, application-code: 41ms)
 GET /runbooks 200 in 53ms (next.js: 1584µs, application-code: 52ms)
 GET /runbooks 200 in 50ms (next.js: 2ms, application-code: 47ms)
 GET /runbooks 200 in 44ms (next.js: 2ms, application-code: 42ms)
 GET /runbooks 200 in 36ms (next.js: 1829µs, application-code: 34ms)
 GET /runbooks 200 in 35ms (next.js: 1693µs, application-code: 34ms)
 GET /runbooks 200 in 37ms (next.js: 5ms, application-code: 32ms)
 GET /runbooks 200 in 34ms (next.js: 1365µs, application-code: 32ms)
 GET /runbooks 200 in 32ms (next.js: 1729µs, application-code: 31ms)
 GET /runbooks 200 in 31ms (next.js: 1053µs, application-code: 30ms)
 GET /runbooks 200 in 32ms (next.js: 1041µs, application-code: 31ms)
 GET /runbooks 200 in 32ms (next.js: 1058µs, application-code: 31ms)
 GET /runbooks 200 in 35ms (next.js: 1044µs, application-code: 34ms)
 GET /runbooks 200 in 35ms (next.js: 1158µs, application-code: 34ms)
 GET /runbooks 200 in 36ms (next.js: 1131µs, application-code: 35ms)
 GET /runbooks 200 in 33ms (next.js: 1020µs, application-code: 32ms)
 GET /runbooks 200 in 33ms (next.js: 1269µs, application-code: 32ms)
 GET /runbooks 200 in 33ms (next.js: 2ms, application-code: 31ms)
 GET /runbooks 200 in 33ms (next.js: 1615µs, application-code: 31ms)
 GET /runbooks 200 in 32ms (next.js: 1661µs, application-code: 31ms)
 GET /runbooks 200 in 32ms (next.js: 1630µs, application-code: 31ms)
 GET /runbooks 200 in 36ms (next.js: 1684µs, application-code: 35ms)
 GET /runbooks 200 in 36ms (next.js: 1171µs, application-code: 35ms)
 GET /runbooks 200 in 37ms (next.js: 1682µs, application-code: 35ms)
 GET /runbooks 200 in 32ms (next.js: 1149µs, application-code: 30ms)
 GET /runbooks 200 in 31ms (next.js: 1711µs, application-code: 29ms)
 GET /runbooks 200 in 30ms (next.js: 1099µs, application-code: 29ms)
 GET /runbooks 200 in 31ms (next.js: 1095µs, application-code: 29ms)
 GET /runbooks 200 in 31ms (next.js: 1679µs, application-code: 29ms)
 GET /runbooks 200 in 31ms (next.js: 1454µs, application-code: 30ms)
 GET /runbooks 200 in 36ms (next.js: 1686µs, application-code: 34ms)
 GET /runbooks 200 in 35ms (next.js: 1353µs, application-code: 34ms)
 GET /runbooks 200 in 35ms (next.js: 1619µs, application-code: 33ms)
 GET /runbooks 200 in 31ms (next.js: 1261µs, application-code: 30ms)
 GET /runbooks 200 in 33ms (next.js: 1469µs, application-code: 31ms)
 GET /runbooks 200 in 33ms (next.js: 1693µs, application-code: 31ms)
 GET /runbooks 200 in 33ms (next.js: 2ms, application-code: 31ms)
 GET /runbooks 200 in 32ms (next.js: 1174µs, application-code: 31ms)
 GET /runbooks 200 in 31ms (next.js: 1607µs, application-code: 30ms)
 GET /runbooks 200 in 40ms (next.js: 2ms, application-code: 37ms)
 GET /runbooks 200 in 41ms (next.js: 1560µs, application-code: 40ms)
 GET /runbooks 200 in 41ms (next.js: 1231µs, application-code: 39ms)
 GET /runbooks 200 in 33ms (next.js: 2ms, application-code: 31ms)
 GET /runbooks 200 in 31ms (next.js: 1939µs, application-code: 29ms)
 GET /runbooks 200 in 31ms (next.js: 1081µs, application-code: 30ms)
 GET /runbooks 200 in 33ms (next.js: 1633µs, application-code: 31ms)
 GET /runbooks 200 in 33ms (next.js: 1562µs, application-code: 32ms)
 GET /runbooks 200 in 33ms (next.js: 1268µs, application-code: 32ms)
 GET /runbooks 200 in 34ms (next.js: 1208µs, application-code: 33ms)
 GET /runbooks 200 in 33ms (next.js: 1073µs, application-code: 32ms)
 GET /runbooks 200 in 35ms (next.js: 1504µs, application-code: 34ms)
 GET /runbooks 200 in 33ms (next.js: 981µs, application-code: 32ms)
 GET /runbooks 200 in 39ms (next.js: 1196µs, application-code: 38ms)
 GET /runbooks 200 in 40ms (next.js: 1072µs, application-code: 39ms)
 GET /runbooks 200 in 41ms (next.js: 1193µs, application-code: 40ms)
 GET /runbooks 200 in 40ms (next.js: 1437µs, application-code: 38ms)
 GET /runbooks 200 in 40ms (next.js: 1093µs, application-code: 39ms)
 GET /runbooks 200 in 41ms (next.js: 1190µs, application-code: 39ms)
 GET /runbooks 200 in 37ms (next.js: 3ms, application-code: 34ms)
 GET /runbooks 200 in 41ms (next.js: 1879µs, application-code: 39ms)
 GET /runbooks 200 in 40ms (next.js: 1578µs, application-code: 38ms)
 GET /runbooks 200 in 39ms (next.js: 2ms, application-code: 37ms)
 GET /runbooks 200 in 33ms (next.js: 1990µs, application-code: 31ms)
 GET /runbooks 200 in 32ms (next.js: 1546µs, application-code: 31ms)
 GET /runbooks 200 in 32ms (next.js: 1085µs, application-code: 31ms)
 GET /runbooks 200 in 34ms (next.js: 1946µs, application-code: 32ms)
 GET /runbooks 200 in 59ms (next.js: 1588µs, application-code: 58ms)
 GET /runbooks 200 in 66ms (next.js: 1575µs, application-code: 64ms)
 GET /runbooks 200 in 67ms (next.js: 3ms, application-code: 63ms)
 GET /runbooks 200 in 44ms (next.js: 3ms, application-code: 41ms)
 GET /runbooks 200 in 44ms (next.js: 2ms, application-code: 42ms)
 GET /runbooks 200 in 45ms (next.js: 2ms, application-code: 43ms)
 GET /runbooks 200 in 44ms (next.js: 4ms, application-code: 40ms)
 GET /runbooks 200 in 37ms (next.js: 2ms, application-code: 35ms)
 GET /runbooks 200 in 36ms (next.js: 1948µs, application-code: 34ms)
 GET /runbooks 200 in 37ms (next.js: 1645µs, application-code: 35ms)
 GET /runbooks 200 in 37ms (next.js: 1859µs, application-code: 35ms)
 GET /runbooks 200 in 41ms (next.js: 3ms, application-code: 38ms)
 GET /runbooks 200 in 39ms (next.js: 1613µs, application-code: 37ms)
 GET /runbooks 200 in 38ms (next.js: 1597µs, application-code: 37ms)
 GET /runbooks 200 in 34ms (next.js: 1567µs, application-code: 32ms)
 GET /runbooks 200 in 34ms (next.js: 1657µs, application-code: 32ms)
 GET /runbooks 200 in 34ms (next.js: 2ms, application-code: 31ms)
 GET /runbooks 200 in 33ms (next.js: 1692µs, application-code: 31ms)
 GET /runbooks 200 in 33ms (next.js: 1612µs, application-code: 31ms)
 GET /runbooks 200 in 32ms (next.js: 994µs, application-code: 31ms)
 GET /runbooks 200 in 35ms (next.js: 1772µs, application-code: 33ms)
 GET /runbooks 200 in 35ms (next.js: 1581µs, application-code: 33ms)
 GET /runbooks 200 in 24ms (next.js: 2ms, application-code: 22ms)
 GET /runbooks 200 in 13ms (next.js: 2ms, application-code: 10ms)
✓ Compiled in 0ms
 GET /runbooks 200 in 428ms (next.js: 351ms, application-code: 77ms)
 GET /runbooks 200 in 63ms (next.js: 3ms, application-code: 60ms)
 GET /runbooks 200 in 42ms (next.js: 1853µs, application-code: 41ms)
 GET /runbooks 200 in 39ms (next.js: 3ms, application-code: 36ms)
 GET /runbooks 200 in 37ms (next.js: 1211µs, application-code: 35ms)
 GET /runbooks 200 in 36ms (next.js: 923µs, application-code: 35ms)
 GET /runbooks 200 in 37ms (next.js: 1464µs, application-code: 36ms)
 GET /runbooks 200 in 35ms (next.js: 1081µs, application-code: 34ms)
 GET /runbooks 200 in 35ms (next.js: 1255µs, application-code: 34ms)
 GET /runbooks 200 in 38ms (next.js: 2ms, application-code: 36ms)
 GET /runbooks 200 in 38ms (next.js: 2ms, application-code: 36ms)
 GET /runbooks 200 in 45ms (next.js: 960µs, application-code: 44ms)
 GET /runbooks 200 in 53ms (next.js: 1243µs, application-code: 52ms)
 GET /runbooks 200 in 58ms (next.js: 1200µs, application-code: 57ms)
 GET /runbooks 200 in 61ms (next.js: 3ms, application-code: 57ms)
 GET /runbooks 200 in 53ms (next.js: 2ms, application-code: 50ms)
 GET /runbooks 200 in 50ms (next.js: 2ms, application-code: 48ms)
 GET /runbooks 200 in 48ms (next.js: 2ms, application-code: 46ms)
 GET /runbooks 200 in 63ms (next.js: 3ms, application-code: 60ms)
 GET /runbooks 200 in 67ms (next.js: 1851µs, application-code: 65ms)
 GET /runbooks 200 in 63ms (next.js: 4ms, application-code: 59ms)
 GET /runbooks 200 in 50ms (next.js: 3ms, application-code: 47ms)
 GET /runbooks 200 in 44ms (next.js: 2ms, application-code: 42ms)
 GET /runbooks 200 in 41ms (next.js: 3ms, application-code: 38ms)
 GET /runbooks 200 in 46ms (next.js: 3ms, application-code: 43ms)
 GET /runbooks 200 in 82ms (next.js: 1912µs, application-code: 80ms)
 GET /runbooks 200 in 85ms (next.js: 1996µs, application-code: 83ms)
 GET /runbooks 200 in 77ms (next.js: 9ms, application-code: 68ms)
 GET /runbooks 200 in 37ms (next.js: 3ms, application-code: 34ms)
 GET /runbooks 200 in 37ms (next.js: 2ms, application-code: 35ms)
 GET /runbooks 200 in 36ms (next.js: 1525µs, application-code: 34ms)
 GET /runbooks 200 in 36ms (next.js: 1891µs, application-code: 34ms)
 GET /runbooks 200 in 36ms (next.js: 1912µs, application-code: 34ms)
 GET /runbooks 200 in 37ms (next.js: 1688µs, application-code: 36ms)
 GET /runbooks 200 in 38ms (next.js: 2ms, application-code: 36ms)
 GET /runbooks 200 in 39ms (next.js: 1633µs, application-code: 38ms)
 GET /runbooks 200 in 40ms (next.js: 2ms, application-code: 38ms)
 GET /runbooks 200 in 39ms (next.js: 1780µs, application-code: 38ms)
 GET /runbooks 200 in 38ms (next.js: 1805µs, application-code: 36ms)
 GET /runbooks 200 in 36ms (next.js: 3ms, application-code: 33ms)
 GET /runbooks 200 in 35ms (next.js: 1722µs, application-code: 33ms)
 GET /runbooks 200 in 35ms (next.js: 1893µs, application-code: 33ms)
 GET /runbooks 200 in 36ms (next.js: 3ms, application-code: 33ms)
 GET /runbooks 200 in 35ms (next.js: 1156µs, application-code: 33ms)
 GET /runbooks 200 in 36ms (next.js: 1943µs, application-code: 34ms)
 GET /runbooks 200 in 40ms (next.js: 2ms, application-code: 38ms)
 GET /runbooks 200 in 40ms (next.js: 1093µs, application-code: 39ms)
 GET /runbooks 200 in 40ms (next.js: 1759µs, application-code: 38ms)
 GET /runbooks 200 in 36ms (next.js: 1734µs, application-code: 35ms)
 GET /runbooks 200 in 34ms (next.js: 1769µs, application-code: 33ms)
 GET /runbooks 200 in 34ms (next.js: 5ms, application-code: 30ms)
 GET /runbooks 200 in 32ms (next.js: 1186µs, application-code: 30ms)
 GET /runbooks 200 in 31ms (next.js: 1018µs, application-code: 30ms)
 GET /runbooks 200 in 31ms (next.js: 1075µs, application-code: 30ms)
 GET /runbooks 200 in 34ms (next.js: 1611µs, application-code: 33ms)
 GET /runbooks 200 in 33ms (next.js: 1895µs, application-code: 31ms)
 GET /runbooks 200 in 32ms (next.js: 1149µs, application-code: 31ms)
 GET /runbooks 200 in 31ms (next.js: 952µs, application-code: 30ms)
 GET /runbooks 200 in 23ms (next.js: 885µs, application-code: 22ms)
 GET /runbooks 200 in 14ms (next.js: 2ms, application-code: 11ms)
 GET /runbooks 200 in 417ms (next.js: 175ms, application-code: 241ms)
✓ Compiled in 274ms
 GET /runbooks 200 in 344ms (next.js: 306ms, application-code: 38ms)
 GET /runbooks 200 in 38ms (next.js: 1761µs, application-code: 36ms)
 GET /runbooks 200 in 38ms (next.js: 899µs, application-code: 37ms)
 GET /runbooks 200 in 38ms (next.js: 1335µs, application-code: 37ms)
 GET /runbooks 200 in 37ms (next.js: 1006µs, application-code: 36ms)
 GET /runbooks 200 in 36ms (next.js: 1181µs, application-code: 35ms)
 GET /runbooks 200 in 39ms (next.js: 1117µs, application-code: 38ms)
 GET /runbooks 200 in 49ms (next.js: 1123µs, application-code: 48ms)
 GET /runbooks 200 in 38ms (next.js: 1698µs, application-code: 37ms)
 GET /runbooks 200 in 38ms (next.js: 1919µs, application-code: 37ms)
 GET /runbooks 200 in 40ms (next.js: 1233µs, application-code: 39ms)
 GET /runbooks 200 in 41ms (next.js: 1850µs, application-code: 39ms)
 GET /runbooks 200 in 49ms (next.js: 1871µs, application-code: 47ms)
 GET /runbooks 200 in 49ms (next.js: 3ms, application-code: 47ms)
 GET /runbooks 200 in 54ms (next.js: 2ms, application-code: 51ms)
 GET /runbooks 200 in 46ms (next.js: 3ms, application-code: 42ms)
 GET /runbooks 200 in 61ms (next.js: 3ms, application-code: 58ms)
 GET /runbooks 200 in 55ms (next.js: 1096µs, application-code: 54ms)
 GET /runbooks 200 in 55ms (next.js: 2ms, application-code: 53ms)
 GET /runbooks 200 in 46ms (next.js: 1216µs, application-code: 44ms)
✓ Compiled in 1ms
 GET /runbooks 200 in 93ms (next.js: 1199µs, application-code: 92ms)
 GET /runbooks 200 in 105ms (next.js: 2ms, application-code: 103ms)
 GET /runbooks 200 in 122ms (next.js: 8ms, application-code: 114ms)
 GET /runbooks 200 in 101ms (next.js: 16ms, application-code: 84ms)
 GET /runbooks 200 in 83ms (next.js: 1866µs, application-code: 82ms)
 GET /runbooks 200 in 63ms (next.js: 1968µs, application-code: 61ms)
 GET /runbooks 200 in 59ms (next.js: 6ms, application-code: 54ms)
 GET /runbooks 200 in 54ms (next.js: 1367µs, application-code: 53ms)
 GET /runbooks 200 in 56ms (next.js: 5ms, application-code: 50ms)
 GET /runbooks 200 in 63ms (next.js: 1622µs, application-code: 61ms)
 GET /runbooks 200 in 48ms (next.js: 1022µs, application-code: 47ms)
 GET /runbooks 200 in 46ms (next.js: 3ms, application-code: 43ms)
 GET /runbooks 200 in 55ms (next.js: 1711µs, application-code: 53ms)
 GET /runbooks 200 in 52ms (next.js: 2ms, application-code: 50ms)
 GET /runbooks 200 in 52ms (next.js: 2ms, application-code: 50ms)
 GET /runbooks 200 in 37ms (next.js: 1047µs, application-code: 36ms)
 GET /runbooks 200 in 36ms (next.js: 1065µs, application-code: 35ms)
 GET /runbooks 200 in 35ms (next.js: 1597µs, application-code: 33ms)
 GET /runbooks 200 in 34ms (next.js: 1225µs, application-code: 32ms)
 GET /runbooks 200 in 34ms (next.js: 1193µs, application-code: 33ms)
 GET /runbooks 200 in 33ms (next.js: 1065µs, application-code: 32ms)
 GET /runbooks 200 in 32ms (next.js: 1128µs, application-code: 31ms)
 GET /runbooks 200 in 32ms (next.js: 1042µs, application-code: 31ms)
 GET /runbooks 200 in 35ms (next.js: 1180µs, application-code: 33ms)
 GET /runbooks 200 in 34ms (next.js: 1181µs, application-code: 33ms)
 GET /runbooks 200 in 37ms (next.js: 1596µs, application-code: 35ms)
 GET /runbooks 200 in 36ms (next.js: 1889µs, application-code: 34ms)
 GET /runbooks 200 in 36ms (next.js: 4ms, application-code: 32ms)
 GET /runbooks 200 in 33ms (next.js: 1647µs, application-code: 32ms)
 GET /runbooks 200 in 33ms (next.js: 2ms, application-code: 31ms)
 GET /runbooks 200 in 34ms (next.js: 1861µs, application-code: 32ms)
 GET /runbooks 200 in 41ms (next.js: 2ms, application-code: 39ms)
 GET /runbooks 200 in 41ms (next.js: 1562µs, application-code: 40ms)
 GET /runbooks 200 in 40ms (next.js: 2ms, application-code: 38ms)
 GET /runbooks 200 in 31ms (next.js: 1130µs, application-code: 29ms)
 GET /runbooks 200 in 31ms (next.js: 1687µs, application-code: 29ms)
 GET /runbooks 200 in 32ms (next.js: 1450µs, application-code: 30ms)
 GET /runbooks 200 in 34ms (next.js: 1629µs, application-code: 32ms)
 GET /runbooks 200 in 35ms (next.js: 1891µs, application-code: 33ms)
 GET /runbooks 200 in 35ms (next.js: 1555µs, application-code: 33ms)
 GET /runbooks 200 in 35ms (next.js: 953µs, application-code: 34ms)
 GET /runbooks 200 in 34ms (next.js: 1123µs, application-code: 33ms)
 GET /runbooks 200 in 35ms (next.js: 1912µs, application-code: 33ms)
 GET /runbooks 200 in 35ms (next.js: 1698µs, application-code: 33ms)
 GET /runbooks 200 in 35ms (next.js: 1601µs, application-code: 34ms)
 GET /runbooks 200 in 35ms (next.js: 1699µs, application-code: 34ms)
 GET /runbooks 200 in 36ms (next.js: 1908µs, application-code: 34ms)
 GET /runbooks 200 in 35ms (next.js: 3ms, application-code: 33ms)
 GET /runbooks 200 in 34ms (next.js: 1941µs, application-code: 32ms)
 GET /runbooks 200 in 39ms (next.js: 1093µs, application-code: 38ms)
 GET /runbooks 200 in 41ms (next.js: 1669µs, application-code: 39ms)
 GET /runbooks 200 in 40ms (next.js: 1297µs, application-code: 39ms)
 GET /runbooks 200 in 34ms (next.js: 1934µs, application-code: 32ms)
 GET /runbooks 200 in 35ms (next.js: 1036µs, application-code: 34ms)
 GET /runbooks 200 in 37ms (next.js: 1450µs, application-code: 35ms)
 GET /runbooks 200 in 37ms (next.js: 1914µs, application-code: 35ms)
 GET /runbooks 200 in 38ms (next.js: 1144µs, application-code: 36ms)
 GET /runbooks 200 in 37ms (next.js: 1113µs, application-code: 36ms)
 GET /runbooks 200 in 36ms (next.js: 1893µs, application-code: 34ms)
 GET /runbooks 200 in 36ms (next.js: 1727µs, application-code: 34ms)
 GET /runbooks 200 in 38ms (next.js: 1870µs, application-code: 36ms)
 GET /runbooks 200 in 38ms (next.js: 1752µs, application-code: 36ms)
 GET /runbooks 200 in 33ms (next.js: 1528µs, application-code: 32ms)
 GET /runbooks 200 in 36ms (next.js: 1604µs, application-code: 34ms)
 GET /runbooks 200 in 40ms (next.js: 1727µs, application-code: 39ms)
 GET /runbooks 200 in 45ms (next.js: 2ms, application-code: 43ms)
 GET /runbooks 200 in 46ms (next.js: 2ms, application-code: 44ms)
 GET /runbooks 200 in 51ms (next.js: 4ms, application-code: 47ms)
 GET /runbooks 200 in 55ms (next.js: 3ms, application-code: 53ms)
 GET /runbooks 200 in 71ms (next.js: 2ms, application-code: 69ms)
 GET /runbooks 200 in 68ms (next.js: 3ms, application-code: 65ms)
 GET /runbooks 200 in 76ms (next.js: 6ms, application-code: 70ms)
 GET /runbooks 200 in 86ms (next.js: 4ms, application-code: 82ms)
 GET /runbooks 200 in 72ms (next.js: 3ms, application-code: 69ms)
 GET /runbooks 200 in 82ms (next.js: 5ms, application-code: 77ms)
 GET /runbooks 200 in 68ms (next.js: 2ms, application-code: 66ms)
 GET /runbooks 200 in 63ms (next.js: 14ms, application-code: 49ms)
 GET /runbooks 200 in 41ms (next.js: 5ms, application-code: 36ms)
 GET /runbooks 200 in 36ms (next.js: 1852µs, application-code: 34ms)
 GET /runbooks 200 in 35ms (next.js: 2ms, application-code: 33ms)
 GET /runbooks 200 in 38ms (next.js: 1736µs, application-code: 36ms)
 GET /runbooks 200 in 37ms (next.js: 1766µs, application-code: 36ms)
 GET /runbooks 200 in 39ms (next.js: 1808µs, application-code: 37ms)
 GET /runbooks 200 in 34ms (next.js: 1640µs, application-code: 33ms)
 GET /runbooks 200 in 34ms (next.js: 1043µs, application-code: 33ms)
 GET /runbooks 200 in 47ms (next.js: 1745µs, application-code: 45ms)
 GET /runbooks 200 in 48ms (next.js: 1599µs, application-code: 46ms)
 GET /runbooks 200 in 48ms (next.js: 2ms, application-code: 46ms)
 GET /runbooks 200 in 35ms (next.js: 1090µs, application-code: 34ms)
 GET /runbooks 200 in 35ms (next.js: 1924µs, application-code: 33ms)
 GET /runbooks 200 in 33ms (next.js: 1154µs, application-code: 32ms)
 GET /runbooks 200 in 33ms (next.js: 1809µs, application-code: 31ms)
 GET /runbooks 200 in 34ms (next.js: 1812µs, application-code: 32ms)
 GET /runbooks 200 in 34ms (next.js: 1659µs, application-code: 32ms)
 GET /runbooks 200 in 34ms (next.js: 1811µs, application-code: 32ms)
 GET /runbooks 200 in 33ms (next.js: 1803µs, application-code: 31ms)
 GET /runbooks 200 in 32ms (next.js: 1663µs, application-code: 30ms)
 GET /runbooks 200 in 32ms (next.js: 1968µs, application-code: 30ms)
 GET /runbooks 200 in 33ms (next.js: 1140µs, application-code: 32ms)
 GET /runbooks 200 in 34ms (next.js: 1784µs, application-code: 33ms)
 GET /runbooks 200 in 36ms (next.js: 1605µs, application-code: 34ms)
 GET /runbooks 200 in 34ms (next.js: 1725µs, application-code: 33ms)
 GET /runbooks 200 in 34ms (next.js: 1759µs, application-code: 32ms)
 GET /runbooks 200 in 24ms (next.js: 1201µs, application-code: 23ms)
 GET /runbooks 200 in 14ms (next.js: 1920µs, application-code: 12ms)
✓ Compiled in 0ms
 GET /runbooks 200 in 527ms (next.js: 424ms, application-code: 103ms)
 GET /runbooks 200 in 88ms (next.js: 7ms, application-code: 80ms)
 GET /runbooks 200 in 53ms (next.js: 5ms, application-code: 47ms)
 GET /runbooks 200 in 47ms (next.js: 3ms, application-code: 44ms)
 GET /runbooks 200 in 54ms (next.js: 1811µs, application-code: 53ms)
 GET /runbooks 200 in 57ms (next.js: 1591µs, application-code: 55ms)
 GET /runbooks 200 in 63ms (next.js: 2ms, application-code: 61ms)
 GET /runbooks 200 in 60ms (next.js: 2ms, application-code: 58ms)
 GET /runbooks 200 in 52ms (next.js: 2ms, application-code: 50ms)
 GET /runbooks 200 in 43ms (next.js: 2ms, application-code: 41ms)
 GET /runbooks 200 in 42ms (next.js: 1194µs, application-code: 40ms)
 GET /runbooks 200 in 40ms (next.js: 1186µs, application-code: 39ms)
 GET /runbooks 200 in 41ms (next.js: 1031µs, application-code: 39ms)
 GET /runbooks 200 in 37ms (next.js: 1008µs, application-code: 36ms)
 GET /runbooks 200 in 38ms (next.js: 1853µs, application-code: 36ms)
 GET /runbooks 200 in 35ms (next.js: 1095µs, application-code: 34ms)
 GET /runbooks 200 in 34ms (next.js: 2ms, application-code: 32ms)
 GET /runbooks 200 in 37ms (next.js: 1748µs, application-code: 36ms)
 GET /runbooks 200 in 41ms (next.js: 1575µs, application-code: 39ms)
 GET /runbooks 200 in 41ms (next.js: 1651µs, application-code: 39ms)
 GET /runbooks 200 in 36ms (next.js: 1370µs, application-code: 35ms)
 GET /runbooks 200 in 37ms (next.js: 1661µs, application-code: 36ms)
 GET /runbooks 200 in 38ms (next.js: 1861µs, application-code: 36ms)
 GET /runbooks 200 in 38ms (next.js: 3ms, application-code: 36ms)
 GET /runbooks 200 in 35ms (next.js: 1614µs, application-code: 33ms)
 GET /runbooks 200 in 32ms (next.js: 934µs, application-code: 31ms)
 GET /runbooks 200 in 31ms (next.js: 1101µs, application-code: 30ms)
 GET /runbooks 200 in 35ms (next.js: 1018µs, application-code: 34ms)
 GET /runbooks 200 in 51ms (next.js: 1571µs, application-code: 49ms)
 GET /runbooks 200 in 50ms (next.js: 1343µs, application-code: 49ms)
 GET /runbooks 200 in 46ms (next.js: 3ms, application-code: 42ms)
 GET /runbooks 200 in 33ms (next.js: 962µs, application-code: 32ms)
 GET /runbooks 200 in 33ms (next.js: 831µs, application-code: 32ms)
 GET /runbooks 200 in 32ms (next.js: 2ms, application-code: 29ms)
 GET /runbooks 200 in 31ms (next.js: 1018µs, application-code: 30ms)
 GET /runbooks 200 in 36ms (next.js: 1175µs, application-code: 34ms)
 GET /runbooks 200 in 37ms (next.js: 1978µs, application-code: 35ms)
 GET /runbooks 200 in 37ms (next.js: 1714µs, application-code: 35ms)
 GET /runbooks 200 in 33ms (next.js: 1228µs, application-code: 31ms)
 GET /runbooks 200 in 37ms (next.js: 2ms, application-code: 35ms)
 GET /runbooks 200 in 36ms (next.js: 1699µs, application-code: 34ms)
 GET /runbooks 200 in 37ms (next.js: 1694µs, application-code: 35ms)
 GET /runbooks 200 in 35ms (next.js: 2ms, application-code: 32ms)
 GET /runbooks 200 in 34ms (next.js: 1077µs, application-code: 33ms)
 GET /runbooks 200 in 34ms (next.js: 2ms, application-code: 32ms)
 GET /runbooks 200 in 33ms (next.js: 2ms, application-code: 31ms)
 GET /runbooks 200 in 36ms (next.js: 1573µs, application-code: 35ms)
 GET /runbooks 200 in 37ms (next.js: 1427µs, application-code: 36ms)
 GET /runbooks 200 in 50ms (next.js: 1107µs, application-code: 49ms)
 GET /runbooks 200 in 67ms (next.js: 1189µs, application-code: 66ms)
 GET /runbooks 200 in 75ms (next.js: 2ms, application-code: 72ms)
 GET /runbooks 200 in 66ms (next.js: 5ms, application-code: 61ms)
 GET /runbooks 200 in 51ms (next.js: 4ms, application-code: 47ms)
 GET /runbooks 200 in 43ms (next.js: 3ms, application-code: 40ms)
 GET /runbooks 200 in 46ms (next.js: 2ms, application-code: 44ms)
 GET /runbooks 200 in 48ms (next.js: 2ms, application-code: 46ms)
 GET /runbooks 200 in 47ms (next.js: 1457µs, application-code: 46ms)
 GET /runbooks 200 in 44ms (next.js: 3ms, application-code: 41ms)
 GET /runbooks 200 in 38ms (next.js: 2ms, application-code: 36ms)
 GET /runbooks 200 in 36ms (next.js: 1600µs, application-code: 34ms)
 GET /runbooks 200 in 32ms (next.js: 1631µs, application-code: 31ms)
 GET /runbooks 200 in 32ms (next.js: 1682µs, application-code: 30ms)
 GET /runbooks 200 in 32ms (next.js: 2ms, application-code: 29ms)
 GET /runbooks 200 in 30ms (next.js: 1419µs, application-code: 29ms)
 GET /runbooks 200 in 32ms (next.js: 1561µs, application-code: 30ms)
 GET /runbooks 200 in 33ms (next.js: 1584µs, application-code: 32ms)
 GET /runbooks 200 in 25ms (next.js: 1951µs, application-code: 23ms)
 GET /runbooks 200 in 14ms (next.js: 1673µs, application-code: 13ms)
 GET /runbooks 200 in 725ms (next.js: 665ms, application-code: 61ms)
 GET /runbooks 200 in 46ms (next.js: 1602µs, application-code: 44ms)
 GET /runbooks 200 in 46ms (next.js: 1794µs, application-code: 44ms)
 GET /runbooks 200 in 42ms (next.js: 984µs, application-code: 41ms)
 GET /runbooks 200 in 44ms (next.js: 2ms, application-code: 41ms)
 GET /runbooks 200 in 41ms (next.js: 1191µs, application-code: 39ms)
 GET /runbooks 200 in 47ms (next.js: 1191µs, application-code: 45ms)
 GET /runbooks 200 in 51ms (next.js: 2ms, application-code: 49ms)
 GET /runbooks 200 in 50ms (next.js: 1004µs, application-code: 49ms)
 GET /runbooks 200 in 48ms (next.js: 3ms, application-code: 45ms)
 GET /runbooks 200 in 41ms (next.js: 2ms, application-code: 39ms)
 GET /runbooks 200 in 40ms (next.js: 1650µs, application-code: 38ms)
 GET /runbooks 200 in 40ms (next.js: 4ms, application-code: 37ms)
 GET /runbooks 200 in 41ms (next.js: 2ms, application-code: 39ms)
 GET /runbooks 200 in 43ms (next.js: 2ms, application-code: 40ms)
 GET /runbooks 200 in 51ms (next.js: 1886µs, application-code: 49ms)
 GET /runbooks 200 in 52ms (next.js: 2ms, application-code: 49ms)
 GET /runbooks 200 in 53ms (next.js: 1969µs, application-code: 51ms)
 GET /runbooks 200 in 48ms (next.js: 2ms, application-code: 46ms)
 GET /runbooks 200 in 64ms (next.js: 2ms, application-code: 61ms)
 GET /runbooks 200 in 48ms (next.js: 2ms, application-code: 46ms)
 GET /runbooks 200 in 48ms (next.js: 4ms, application-code: 43ms)
 GET /runbooks 200 in 43ms (next.js: 1183µs, application-code: 42ms)
 GET /runbooks 200 in 43ms (next.js: 1854µs, application-code: 42ms)
 GET /runbooks 200 in 43ms (next.js: 1991µs, application-code: 41ms)
 GET /runbooks 200 in 39ms (next.js: 1996µs, application-code: 37ms)
 GET /runbooks 200 in 39ms (next.js: 1853µs, application-code: 37ms)
 GET /runbooks 200 in 38ms (next.js: 1990µs, application-code: 36ms)
 GET /runbooks 200 in 42ms (next.js: 1707µs, application-code: 40ms)
 GET /runbooks 200 in 43ms (next.js: 3ms, application-code: 40ms)
 GET /runbooks 200 in 43ms (next.js: 3ms, application-code: 41ms)
 GET /runbooks 200 in 41ms (next.js: 1746µs, application-code: 39ms)
 GET /runbooks 200 in 55ms (next.js: 1693µs, application-code: 53ms)
 GET /runbooks 200 in 60ms (next.js: 1581µs, application-code: 58ms)
 GET /runbooks 200 in 61ms (next.js: 1885µs, application-code: 59ms)
 GET /runbooks 200 in 46ms (next.js: 1969µs, application-code: 44ms)
 GET /runbooks 200 in 46ms (next.js: 5ms, application-code: 41ms)
 GET /runbooks 200 in 52ms (next.js: 1685µs, application-code: 50ms)
 GET /runbooks 200 in 70ms (next.js: 4ms, application-code: 66ms)
 GET /runbooks 200 in 73ms (next.js: 3ms, application-code: 70ms)
 GET /runbooks 200 in 66ms (next.js: 4ms, application-code: 62ms)
 GET /runbooks 200 in 53ms (next.js: 3ms, application-code: 50ms)
 GET /runbooks 200 in 49ms (next.js: 3ms, application-code: 46ms)
 GET /runbooks 200 in 49ms (next.js: 1851µs, application-code: 47ms)
 GET /runbooks 200 in 51ms (next.js: 3ms, application-code: 48ms)
 GET /runbooks 200 in 46ms (next.js: 2ms, application-code: 44ms)
 GET /runbooks 200 in 34ms (next.js: 2ms, application-code: 32ms)
 GET /runbooks 200 in 28ms (next.js: 3ms, application-code: 26ms)
 GET /runbooks 200 in 36ms (next.js: 3ms, application-code: 32ms)
 GET /runbooks 200 in 38ms (next.js: 1972µs, application-code: 36ms)
 GET /runbooks 200 in 40ms (next.js: 1137µs, application-code: 39ms)
 GET /runbooks 200 in 56ms (next.js: 1402µs, application-code: 54ms)
✓ Compiled in 3ms
 GET /runbooks 200 in 109ms (next.js: 1070µs, application-code: 108ms)
 GET /runbooks 200 in 100ms (next.js: 3ms, application-code: 98ms)
 GET /runbooks 200 in 91ms (next.js: 5ms, application-code: 86ms)
 GET /runbooks 200 in 67ms (next.js: 3ms, application-code: 64ms)
 GET /runbooks 200 in 45ms (next.js: 2ms, application-code: 43ms)
 GET /runbooks 200 in 43ms (next.js: 2ms, application-code: 41ms)
 GET /runbooks 200 in 44ms (next.js: 2ms, application-code: 42ms)
 GET /runbooks 200 in 41ms (next.js: 3ms, application-code: 38ms)
 GET /runbooks 200 in 37ms (next.js: 3ms, application-code: 34ms)
 GET /runbooks 200 in 34ms (next.js: 1516µs, application-code: 33ms)
 GET /runbooks 200 in 33ms (next.js: 3ms, application-code: 31ms)
 GET /runbooks 200 in 32ms (next.js: 1611µs, application-code: 31ms)
 GET /runbooks 200 in 32ms (next.js: 1213µs, application-code: 31ms)
 GET /runbooks 200 in 31ms (next.js: 1730µs, application-code: 29ms)
 GET /runbooks 200 in 31ms (next.js: 1127µs, application-code: 30ms)
 GET /runbooks 200 in 33ms (next.js: 915µs, application-code: 32ms)
 GET /runbooks 200 in 34ms (next.js: 1402µs, application-code: 33ms)
 GET /runbooks 200 in 32ms (next.js: 1330µs, application-code: 31ms)
 GET /runbooks 200 in 21ms (next.js: 1137µs, application-code: 20ms)
 GET /runbooks 200 in 10ms (next.js: 1007µs, application-code: 9ms)
 GET /runbooks 200 in 206ms (next.js: 17ms, application-code: 189ms)
 GET / 200 in 156ms (next.js: 86ms, application-code: 69ms)
 GET /contracts 200 in 106ms (next.js: 67ms, application-code: 39ms)
 GET /alerts 200 in 54ms (next.js: 35ms, application-code: 18ms)
 GET /lineage 200 in 57ms (next.js: 39ms, application-code: 18ms)
 GET /dbt 200 in 59ms (next.js: 40ms, application-code: 19ms)
✓ Compiled in 358ms
 GET /dbt 200 in 158ms (next.js: 54ms, application-code: 104ms)
○ Compiling /github ...
⨯ ./src/app/github/page.tsx:6:1
Export Github doesn't exist in target module
  [90m4 |[0m [36mimport[0m [33mLink[0m [36mfrom[0m [32m'next/link'[0m;
  [90m5 |[0m [36mimport[0m { [33mBarChart[0m, [33mBar[0m, [33mXAxis[0m, [33mYAxis[0m, [33mTooltip[0m [36mas[0m [33mRechartsTooltip[0m, [33mResponsiveContainer[0m, [33mCart...[0m
[31m[1m>[0m [90m6 |[0m [36mimport[0m { [33mGithub[0m, [33mGitPullRequest[0m, [33mShieldAlert[0m, [33mXOctagon[0m, [33mArrowRight[0m } [36mfrom[0m [32m'lucide-react'[0m;
  [90m  |[0m [31m[1m^^^^^^^^^^^^^^^^^^^^^^^^^^^^^^^^^^^^^^^^^^^^^^^^^^^^^^^^^^^^^^^^^^^^^^^^^^^^^^^^^^^^^^^^^[0m
  [90m7 |[0m
  [90m8 |[0m [36mconst[0m riskTrendData = [
  [90m9 |[0m   { name: [32m'Low'[0m, value: [35m72[0m, fill: [32m'#22c55e'[0m },

The export Github was not found in module [project]/node_modules/lucide-react/dist/esm/lucide-react.mjs [app-client] (ecmascript).
Did you mean to import Gift?
All exports of the module are statically known (It doesn't have dynamic exports). So it's known statically that the requested export doesn't exist.

Import traces:
  Client Component Browser:
    ./src/app/github/page.tsx [Client Component Browser]
    ./src/app/github/page.tsx [Server Component]

  Client Component SSR:
    ./src/app/github/page.tsx [Client Component SSR]
    ./src/app/github/page.tsx [Server Component]



./src/app/github/page.tsx:6:1
Export Github doesn't exist in target module
  [90m4 |[0m [36mimport[0m [33mLink[0m [36mfrom[0m [32m'next/link'[0m;
  [90m5 |[0m [36mimport[0m { [33mBarChart[0m, [33mBar[0m, [33mXAxis[0m, [33mYAxis[0m, [33mTooltip[0m [36mas[0m [33mRechartsTooltip[0m, [33mResponsiveContainer[0m, [33mCart...[0m
[31m[1m>[0m [90m6 |[0m [36mimport[0m { [33mGithub[0m, [33mGitPullRequest[0m, [33mShieldAlert[0m, [33mXOctagon[0m, [33mArrowRight[0m } [36mfrom[0m [32m'lucide-react'[0m;
  [90m  |[0m [31m[1m^^^^^^^^^^^^^^^^^^^^^^^^^^^^^^^^^^^^^^^^^^^^^^^^^^^^^^^^^^^^^^^^^^^^^^^^^^^^^^^^^^^^^^^^^[0m
  [90m7 |[0m
  [90m8 |[0m [36mconst[0m riskTrendData = [
  [90m9 |[0m   { name: [32m'Low'[0m, value: [35m72[0m, fill: [32m'#22c55e'[0m },

The export Github was not found in module [project]/node_modules/lucide-react/dist/esm/lucide-react.mjs [app-ssr] (ecmascript).
Did you mean to import Gift?
All exports of the module are statically known (It doesn't have dynamic exports). So it's known statically that the requested export doesn't exist.

Import traces:
  Client Component Browser:
    ./src/app/github/page.tsx [Client Component Browser]
    ./src/app/github/page.tsx [Server Component]

  Client Component SSR:
    ./src/app/github/page.tsx [Client Component SSR]
    ./src/app/github/page.tsx [Server Component]


 GET /github 500 in 8.3s (next.js: 8.2s, application-code: 120ms)
[browser] ./src/app/github/page.tsx:6:1
Export Github doesn't exist in target module
  4 | import Link from 'next/link';
  5 | import { BarChart, Bar, XAxis, YAxis, Tooltip as RechartsTooltip, ResponsiveContainer, Cart...
> 6 | import { Github, GitPullRequest, ShieldAlert, XOctagon, ArrowRight } from 'lucide-react';
    | ^^^^^^^^^^^^^^^^^^^^^^^^^^^^^^^^^^^^^^^^^^^^^^^^^^^^^^^^^^^^^^^^^^^^^^^^^^^^^^^^^^^^^^^^^
  7 |
  8 | const riskTrendData = [
  9 |   { name: 'Low', value: 72, fill: '#22c55e' },

The export Github was not found in module [project]/node_modules/lucide-react/dist/esm/lucide-react.mjs [app-client] (ecmascript).
Did you mean to import Gift?
All exports of the module are statically known (It doesn't have dynamic exports). So it's known statically that the requested export doesn't exist.

Import traces:
  Client Component Browser:
    ./src/app/github/page.tsx [Client Component Browser]
    ./src/app/github/page.tsx [Server Component]

  Client Component SSR:
    ./src/app/github/page.tsx [Client Component SSR]
    ./src/app/github/page.tsx [Server Component] 
[browser] ./src/app/github/page.tsx:6:1
Export Github doesn't exist in target module
  4 | import Link from 'next/link';
  5 | import { BarChart, Bar, XAxis, YAxis, Tooltip as RechartsTooltip, ResponsiveContainer, Cart...
> 6 | import { Github, GitPullRequest, ShieldAlert, XOctagon, ArrowRight } from 'lucide-react';
    | ^^^^^^^^^^^^^^^^^^^^^^^^^^^^^^^^^^^^^^^^^^^^^^^^^^^^^^^^^^^^^^^^^^^^^^^^^^^^^^^^^^^^^^^^^
  7 |
  8 | const riskTrendData = [
  9 |   { name: 'Low', value: 72, fill: '#22c55e' },

The export Github was not found in module [project]/node_modules/lucide-react/dist/esm/lucide-react.mjs [app-ssr] (ecmascript).
Did you mean to import Gift?
All exports of the module are statically known (It doesn't have dynamic exports). So it's known statically that the requested export doesn't exist.

Import traces:
  Client Component Browser:
    ./src/app/github/page.tsx [Client Component Browser]
    ./src/app/github/page.tsx [Server Component]

  Client Component SSR:
    ./src/app/github/page.tsx [Client Component SSR]
    ./src/app/github/page.tsx [Server Component] 
[browser] ./src/app/github/page.tsx:6:1
Export Github doesn't exist in target module
  4 | import Link from 'next/link';
  5 | import { BarChart, Bar, XAxis, YAxis, Tooltip as RechartsTooltip, ResponsiveContainer, Cart...
> 6 | import { Github, GitPullRequest, ShieldAlert, XOctagon, ArrowRight } from 'lucide-react';
    | ^^^^^^^^^^^^^^^^^^^^^^^^^^^^^^^^^^^^^^^^^^^^^^^^^^^^^^^^^^^^^^^^^^^^^^^^^^^^^^^^^^^^^^^^^
  7 |
  8 | const riskTrendData = [
  9 |   { name: 'Low', value: 72, fill: '#22c55e' },

The export Github was not found in module [project]/node_modules/lucide-react/dist/esm/lucide-react.mjs [app-client] (ecmascript).
Did you mean to import Gift?
All exports of the module are statically known (It doesn't have dynamic exports). So it's known statically that the requested export doesn't exist.

Import traces:
  Client Component Browser:
    ./src/app/github/page.tsx [Client Component Browser]
    ./src/app/github/page.tsx [Server Component]

  Client Component SSR:
    ./src/app/github/page.tsx [Client Component SSR]
    ./src/app/github/page.tsx [Server Component] 
[browser] ./src/app/github/page.tsx:6:1
Export Github doesn't exist in target module
  4 | import Link from 'next/link';
  5 | import { BarChart, Bar, XAxis, YAxis, Tooltip as RechartsTooltip, ResponsiveContainer, Cart...
> 6 | import { Github, GitPullRequest, ShieldAlert, XOctagon, ArrowRight } from 'lucide-react';
    | ^^^^^^^^^^^^^^^^^^^^^^^^^^^^^^^^^^^^^^^^^^^^^^^^^^^^^^^^^^^^^^^^^^^^^^^^^^^^^^^^^^^^^^^^^
  7 |
  8 | const riskTrendData = [
  9 |   { name: 'Low', value: 72, fill: '#22c55e' },

The export Github was not found in module [project]/node_modules/lucide-react/dist/esm/lucide-react.mjs [app-ssr] (ecmascript).
Did you mean to import Gift?
All exports of the module are statically known (It doesn't have dynamic exports). So it's known statically that the requested export doesn't exist.

Import traces:
  Client Component Browser:
    ./src/app/github/page.tsx [Client Component Browser]
    ./src/app/github/page.tsx [Server Component]

  Client Component SSR:
    ./src/app/github/page.tsx [Client Component SSR]
    ./src/app/github/page.tsx [Server Component] 
⨯ ./src/app/github/page.tsx:6:1
Export Github doesn't exist in target module
  [90m4 |[0m [36mimport[0m [33mLink[0m [36mfrom[0m [32m'next/link'[0m;
  [90m5 |[0m [36mimport[0m { [33mBarChart[0m, [33mBar[0m, [33mXAxis[0m, [33mYAxis[0m, [33mTooltip[0m [36mas[0m [33mRechartsTooltip[0m, [33mResponsiveContainer[0m, [33mCart...[0m
[31m[1m>[0m [90m6 |[0m [36mimport[0m { [33mGithub[0m, [33mGitPullRequest[0m, [33mShieldAlert[0m, [33mXOctagon[0m, [33mArrowRight[0m } [36mfrom[0m [32m'lucide-react'[0m;
  [90m  |[0m [31m[1m^^^^^^^^^^^^^^^^^^^^^^^^^^^^^^^^^^^^^^^^^^^^^^^^^^^^^^^^^^^^^^^^^^^^^^^^^^^^^^^^^^^^^^^^^[0m
  [90m7 |[0m
  [90m8 |[0m [36mconst[0m riskTrendData = [
  [90m9 |[0m   { name: [32m'Low'[0m, value: [35m72[0m, fill: [32m'#22c55e'[0m },

The export Github was not found in module [project]/node_modules/lucide-react/dist/esm/lucide-react.mjs [app-client] (ecmascript).
Did you mean to import Gift?
All exports of the module are statically known (It doesn't have dynamic exports). So it's known statically that the requested export doesn't exist.

Import traces:
  Client Component Browser:
    ./src/app/github/page.tsx [Client Component Browser]
    ./src/app/github/page.tsx [Server Component]

  Client Component SSR:
    ./src/app/github/page.tsx [Client Component SSR]
    ./src/app/github/page.tsx [Server Component]



./src/app/github/page.tsx:6:1
Export Github doesn't exist in target module
  [90m4 |[0m [36mimport[0m [33mLink[0m [36mfrom[0m [32m'next/link'[0m;
  [90m5 |[0m [36mimport[0m { [33mBarChart[0m, [33mBar[0m, [33mXAxis[0m, [33mYAxis[0m, [33mTooltip[0m [36mas[0m [33mRechartsTooltip[0m, [33mResponsiveContainer[0m, [33mCart...[0m
[31m[1m>[0m [90m6 |[0m [36mimport[0m { [33mGithub[0m, [33mGitPullRequest[0m, [33mShieldAlert[0m, [33mXOctagon[0m, [33mArrowRight[0m } [36mfrom[0m [32m'lucide-react'[0m;
  [90m  |[0m [31m[1m^^^^^^^^^^^^^^^^^^^^^^^^^^^^^^^^^^^^^^^^^^^^^^^^^^^^^^^^^^^^^^^^^^^^^^^^^^^^^^^^^^^^^^^^^[0m
  [90m7 |[0m
  [90m8 |[0m [36mconst[0m riskTrendData = [
  [90m9 |[0m   { name: [32m'Low'[0m, value: [35m72[0m, fill: [32m'#22c55e'[0m },

The export Github was not found in module [project]/node_modules/lucide-react/dist/esm/lucide-react.mjs [app-ssr] (ecmascript).
Did you mean to import Gift?
All exports of the module are statically known (It doesn't have dynamic exports). So it's known statically that the requested export doesn't exist.

Import traces:
  Client Component Browser:
    ./src/app/github/page.tsx [Client Component Browser]
    ./src/app/github/page.tsx [Server Component]

  Client Component SSR:
    ./src/app/github/page.tsx [Client Component SSR]
    ./src/app/github/page.tsx [Server Component]


[browser] ./src/app/github/page.tsx:6:1
Export Github doesn't exist in target module
  4 | import Link from 'next/link';
  5 | import { BarChart, Bar, XAxis, YAxis, Tooltip as RechartsTooltip, ResponsiveContainer, Cart...
> 6 | import { Github, GitPullRequest, ShieldAlert, XOctagon, ArrowRight } from 'lucide-react';
    | ^^^^^^^^^^^^^^^^^^^^^^^^^^^^^^^^^^^^^^^^^^^^^^^^^^^^^^^^^^^^^^^^^^^^^^^^^^^^^^^^^^^^^^^^^
  7 |
  8 | const riskTrendData = [
  9 |   { name: 'Low', value: 72, fill: '#22c55e' },

The export Github was not found in module [project]/node_modules/lucide-react/dist/esm/lucide-react.mjs [app-client] (ecmascript).
Did you mean to import Gift?
All exports of the module are statically known (It doesn't have dynamic exports). So it's known statically that the requested export doesn't exist.

Import traces:
  Client Component Browser:
    ./src/app/github/page.tsx [Client Component Browser]
    ./src/app/github/page.tsx [Server Component]

  Client Component SSR:
    ./src/app/github/page.tsx [Client Component SSR]
    ./src/app/github/page.tsx [Server Component] 
[browser] ./src/app/github/page.tsx:6:1
Export Github doesn't exist in target module
  4 | import Link from 'next/link';
  5 | import { BarChart, Bar, XAxis, YAxis, Tooltip as RechartsTooltip, ResponsiveContainer, Cart...
> 6 | import { Github, GitPullRequest, ShieldAlert, XOctagon, ArrowRight } from 'lucide-react';
    | ^^^^^^^^^^^^^^^^^^^^^^^^^^^^^^^^^^^^^^^^^^^^^^^^^^^^^^^^^^^^^^^^^^^^^^^^^^^^^^^^^^^^^^^^^
  7 |
  8 | const riskTrendData = [
  9 |   { name: 'Low', value: 72, fill: '#22c55e' },

The export Github was not found in module [project]/node_modules/lucide-react/dist/esm/lucide-react.mjs [app-ssr] (ecmascript).
Did you mean to import Gift?
All exports of the module are statically known (It doesn't have dynamic exports). So it's known statically that the requested export doesn't exist.

Import traces:
  Client Component Browser:
    ./src/app/github/page.tsx [Client Component Browser]
    ./src/app/github/page.tsx [Server Component]

  Client Component SSR:
    ./src/app/github/page.tsx [Client Component SSR]
    ./src/app/github/page.tsx [Server Component] 
 GET /github 500 in 342ms (next.js: 179ms, application-code: 163ms)
[browser] ./src/app/github/page.tsx:6:1
Export Github doesn't exist in target module
  4 | import Link from 'next/link';
  5 | import { BarChart, Bar, XAxis, YAxis, Tooltip as RechartsTooltip, ResponsiveContainer, Cart...
> 6 | import { Github, GitPullRequest, ShieldAlert, XOctagon, ArrowRight } from 'lucide-react';
    | ^^^^^^^^^^^^^^^^^^^^^^^^^^^^^^^^^^^^^^^^^^^^^^^^^^^^^^^^^^^^^^^^^^^^^^^^^^^^^^^^^^^^^^^^^
  7 |
  8 | const riskTrendData = [
  9 |   { name: 'Low', value: 72, fill: '#22c55e' },

The export Github was not found in module [project]/node_modules/lucide-react/dist/esm/lucide-react.mjs [app-client] (ecmascript).
Did you mean to import Gift?
All exports of the module are statically known (It doesn't have dynamic exports). So it's known statically that the requested export doesn't exist.

Import traces:
  Client Component Browser:
    ./src/app/github/page.tsx [Client Component Browser]
    ./src/app/github/page.tsx [Server Component]

  Client Component SSR:
    ./src/app/github/page.tsx [Client Component SSR]
    ./src/app/github/page.tsx [Server Component] 
[browser] ./src/app/github/page.tsx:6:1
Export Github doesn't exist in target module
  4 | import Link from 'next/link';
  5 | import { BarChart, Bar, XAxis, YAxis, Tooltip as RechartsTooltip, ResponsiveContainer, Cart...
> 6 | import { Github, GitPullRequest, ShieldAlert, XOctagon, ArrowRight } from 'lucide-react';
    | ^^^^^^^^^^^^^^^^^^^^^^^^^^^^^^^^^^^^^^^^^^^^^^^^^^^^^^^^^^^^^^^^^^^^^^^^^^^^^^^^^^^^^^^^^
  7 |
  8 | const riskTrendData = [
  9 |   { name: 'Low', value: 72, fill: '#22c55e' },

The export Github was not found in module [project]/node_modules/lucide-react/dist/esm/lucide-react.mjs [app-ssr] (ecmascript).
Did you mean to import Gift?
All exports of the module are statically known (It doesn't have dynamic exports). So it's known statically that the requested export doesn't exist.

Import traces:
  Client Component Browser:
    ./src/app/github/page.tsx [Client Component Browser]
    ./src/app/github/page.tsx [Server Component]

  Client Component SSR:
    ./src/app/github/page.tsx [Client Component SSR]
    ./src/app/github/page.tsx [Server Component] 
[browser] Uncaught Error: ./src/app/github/page.tsx:6:1
Export Github doesn't exist in target module
  4 | import Link from 'next/link';
  5 | import { BarChart, Bar, XAxis, YAxis, Tooltip as RechartsTooltip, ResponsiveContainer, Cart...
> 6 | import { Github, GitPullRequest, ShieldAlert, XOctagon, ArrowRight } from 'lucide-react';
    | ^^^^^^^^^^^^^^^^^^^^^^^^^^^^^^^^^^^^^^^^^^^^^^^^^^^^^^^^^^^^^^^^^^^^^^^^^^^^^^^^^^^^^^^^^
  7 |
  8 | const riskTrendData = [
  9 |   { name: 'Low', value: 72, fill: '#22c55e' },

The export Github was not found in module [project]/node_modules/lucide-react/dist/esm/lucide-react.mjs [app-client] (ecmascript).
Did you mean to import Gift?
All exports of the module are statically known (It doesn't have dynamic exports). So it's known statically that the requested export doesn't exist.

Import traces:
  Client Component Browser:
    ./src/app/github/page.tsx [Client Component Browser]
    ./src/app/github/page.tsx [Server Component]

  Client Component SSR:
    ./src/app/github/page.tsx [Client Component SSR]
    ./src/app/github/page.tsx [Server Component]


    at <unknown> (Error: ./src/app/github/page.tsx:6:1)
    at <unknown> (Error: (./src/app/github/page.tsx:6:1)
[browser] ./src/app/github/page.tsx:6:1
Export Github doesn't exist in target module
  4 | import Link from 'next/link';
  5 | import { BarChart, Bar, XAxis, YAxis, Tooltip as RechartsTooltip, ResponsiveContainer, Cart...
> 6 | import { Github, GitPullRequest, ShieldAlert, XOctagon, ArrowRight } from 'lucide-react';
    | ^^^^^^^^^^^^^^^^^^^^^^^^^^^^^^^^^^^^^^^^^^^^^^^^^^^^^^^^^^^^^^^^^^^^^^^^^^^^^^^^^^^^^^^^^
  7 |
  8 | const riskTrendData = [
  9 |   { name: 'Low', value: 72, fill: '#22c55e' },

The export Github was not found in module [project]/node_modules/lucide-react/dist/esm/lucide-react.mjs [app-client] (ecmascript).
Did you mean to import Gift?
All exports of the module are statically known (It doesn't have dynamic exports). So it's known statically that the requested export doesn't exist.

Import traces:
  Client Component Browser:
    ./src/app/github/page.tsx [Client Component Browser]
    ./src/app/github/page.tsx [Server Component]

  Client Component SSR:
    ./src/app/github/page.tsx [Client Component SSR]
    ./src/app/github/page.tsx [Server Component] 
[browser] ./src/app/github/page.tsx:6:1
Export Github doesn't exist in target module
  4 | import Link from 'next/link';
  5 | import { BarChart, Bar, XAxis, YAxis, Tooltip as RechartsTooltip, ResponsiveContainer, Cart...
> 6 | import { Github, GitPullRequest, ShieldAlert, XOctagon, ArrowRight } from 'lucide-react';
    | ^^^^^^^^^^^^^^^^^^^^^^^^^^^^^^^^^^^^^^^^^^^^^^^^^^^^^^^^^^^^^^^^^^^^^^^^^^^^^^^^^^^^^^^^^
  7 |
  8 | const riskTrendData = [
  9 |   { name: 'Low', value: 72, fill: '#22c55e' },

The export Github was not found in module [project]/node_modules/lucide-react/dist/esm/lucide-react.mjs [app-ssr] (ecmascript).
Did you mean to import Gift?
All exports of the module are statically known (It doesn't have dynamic exports). So it's known statically that the requested export doesn't exist.

Import traces:
  Client Component Browser:
    ./src/app/github/page.tsx [Client Component Browser]
    ./src/app/github/page.tsx [Server Component]

  Client Component SSR:
    ./src/app/github/page.tsx [Client Component SSR]
    ./src/app/github/page.tsx [Server Component] 
[browser] ./src/app/github/page.tsx:6:1
Export Github doesn't exist in target module
  4 | import Link from 'next/link';
  5 | import { BarChart, Bar, XAxis, YAxis, Tooltip as RechartsTooltip, ResponsiveContainer, Cart...
> 6 | import { Github, GitPullRequest, ShieldAlert, XOctagon, ArrowRight } from 'lucide-react';
    | ^^^^^^^^^^^^^^^^^^^^^^^^^^^^^^^^^^^^^^^^^^^^^^^^^^^^^^^^^^^^^^^^^^^^^^^^^^^^^^^^^^^^^^^^^
  7 |
  8 | const riskTrendData = [
  9 |   { name: 'Low', value: 72, fill: '#22c55e' },

The export Github was not found in module [project]/node_modules/lucide-react/dist/esm/lucide-react.mjs [app-client] (ecmascript).
Did you mean to import Gift?
All exports of the module are statically known (It doesn't have dynamic exports). So it's known statically that the requested export doesn't exist.

Import traces:
  Client Component Browser:
    ./src/app/github/page.tsx [Client Component Browser]
    ./src/app/github/page.tsx [Server Component]

  Client Component SSR:
    ./src/app/github/page.tsx [Client Component SSR]
    ./src/app/github/page.tsx [Server Component] 
[browser] ./src/app/github/page.tsx:6:1
Export Github doesn't exist in target module
  4 | import Link from 'next/link';
  5 | import { BarChart, Bar, XAxis, YAxis, Tooltip as RechartsTooltip, ResponsiveContainer, Cart...
> 6 | import { Github, GitPullRequest, ShieldAlert, XOctagon, ArrowRight } from 'lucide-react';
    | ^^^^^^^^^^^^^^^^^^^^^^^^^^^^^^^^^^^^^^^^^^^^^^^^^^^^^^^^^^^^^^^^^^^^^^^^^^^^^^^^^^^^^^^^^
  7 |
  8 | const riskTrendData = [
  9 |   { name: 'Low', value: 72, fill: '#22c55e' },

The export Github was not found in module [project]/node_modules/lucide-react/dist/esm/lucide-react.mjs [app-ssr] (ecmascript).
Did you mean to import Gift?
All exports of the module are statically known (It doesn't have dynamic exports). So it's known statically that the requested export doesn't exist.

Import traces:
  Client Component Browser:
    ./src/app/github/page.tsx [Client Component Browser]
    ./src/app/github/page.tsx [Server Component]

  Client Component SSR:
    ./src/app/github/page.tsx [Client Component SSR]
    ./src/app/github/page.tsx [Server Component] 
[browser] ./src/app/github/page.tsx:6:1
Export Github doesn't exist in target module
  4 | import Link from 'next/link';
  5 | import { BarChart, Bar, XAxis, YAxis, Tooltip as RechartsTooltip, ResponsiveContainer, Cart...
> 6 | import { Github, GitPullRequest, ShieldAlert, XOctagon, ArrowRight } from 'lucide-react';
    | ^^^^^^^^^^^^^^^^^^^^^^^^^^^^^^^^^^^^^^^^^^^^^^^^^^^^^^^^^^^^^^^^^^^^^^^^^^^^^^^^^^^^^^^^^
  7 |
  8 | const riskTrendData = [
  9 |   { name: 'Low', value: 72, fill: '#22c55e' },

The export Github was not found in module [project]/node_modules/lucide-react/dist/esm/lucide-react.mjs [app-client] (ecmascript).
Did you mean to import Gift?
All exports of the module are statically known (It doesn't have dynamic exports). So it's known statically that the requested export doesn't exist.

Import traces:
  Client Component Browser:
    ./src/app/github/page.tsx [Client Component Browser]
    ./src/app/github/page.tsx [Server Component]

  Client Component SSR:
    ./src/app/github/page.tsx [Client Component SSR]
    ./src/app/github/page.tsx [Server Component] 
[browser] ./src/app/github/page.tsx:6:1
Export Github doesn't exist in target module
  4 | import Link from 'next/link';
  5 | import { BarChart, Bar, XAxis, YAxis, Tooltip as RechartsTooltip, ResponsiveContainer, Cart...
> 6 | import { Github, GitPullRequest, ShieldAlert, XOctagon, ArrowRight } from 'lucide-react';
    | ^^^^^^^^^^^^^^^^^^^^^^^^^^^^^^^^^^^^^^^^^^^^^^^^^^^^^^^^^^^^^^^^^^^^^^^^^^^^^^^^^^^^^^^^^
  7 |
  8 | const riskTrendData = [
  9 |   { name: 'Low', value: 72, fill: '#22c55e' },

The export Github was not found in module [project]/node_modules/lucide-react/dist/esm/lucide-react.mjs [app-ssr] (ecmascript).
Did you mean to import Gift?
All exports of the module are statically known (It doesn't have dynamic exports). So it's known statically that the requested export doesn't exist.

Import traces:
  Client Component Browser:
    ./src/app/github/page.tsx [Client Component Browser]
    ./src/app/github/page.tsx [Server Component]

  Client Component SSR:
    ./src/app/github/page.tsx [Client Component SSR]
    ./src/app/github/page.tsx [Server Component] 
Compaction failed: Failed to compact database

Caused by:
    0: Failed to merge database files for family 2
    1: Failed to write compressed value block
    2: Failed to write block data
    3: No space left on device (os error 28)
Compaction failed: Another write batch or compaction is already active (Only a single write operations is allowed at a time)
✓ Compiled in 797ms
The width(-1) and height(-1) of chart should be greater than 0,
       please check the style of container, or the props width(100%) and height(100%),
       or add a minWidth(0) or minHeight(undefined) or use aspect(undefined) to control the
       height and width.
 GET /github 200 in 1013ms (next.js: 415ms, application-code: 598ms)
Persisting failed: Another write batch or compaction is already active (Only a single write operations is allowed at a time)
Compaction failed: Another write batch or compaction is already active (Only a single write operations is allowed at a time)
[browser] The width(-1) and height(-1) of chart should be greater than 0,
       please check the style of container, or the props width(100%) and height(100%),
       or add a minWidth(0) or minHeight(undefined) or use aspect(undefined) to control the
       height and width.
[browser] The width(-1) and height(-1) of chart should be greater than 0,
       please check the style of container, or the props width(100%) and height(100%),
       or add a minWidth(0) or minHeight(undefined) or use aspect(undefined) to control the
       height and width.
Persisting failed: Another write batch or compaction is already active (Only a single write operations is allowed at a time)
Compaction failed: Another write batch or compaction is already active (Only a single write operations is allowed at a time)
 GET /runbooks 200 in 199ms (next.js: 122ms, application-code: 77ms)
 GET /incidents 200 in 2.1s (next.js: 2.1s, application-code: 39ms)
Persisting failed: Another write batch or compaction is already active (Only a single write operations is allowed at a time)
 GET /runbooks 200 in 49ms (next.js: 14ms, application-code: 35ms)
 GET /teams 200 in 59ms (next.js: 38ms, application-code: 20ms)
 GET /ownership 200 in 200ms (next.js: 139ms, application-code: 61ms)
[browser] The width(-1) and height(-1) of chart should be greater than 0,
       please check the style of container, or the props width(100%) and height(100%),
       or add a minWidth(0) or minHeight(undefined) or use aspect(undefined) to control the
       height and width.
[browser] The width(-1) and height(-1) of chart should be greater than 0,
       please check the style of container, or the props width(100%) and height(100%),
       or add a minWidth(0) or minHeight(undefined) or use aspect(undefined) to control the
       height and width.
Persisting failed: Another write batch or compaction is already active (Only a single write operations is allowed at a time)
Compaction failed: Another write batch or compaction is already active (Only a single write operations is allowed at a time)
 GET /lineage 200 in 85ms (next.js: 61ms, application-code: 25ms)
 GET /dbt 200 in 77ms (next.js: 54ms, application-code: 23ms)
 GET /alerts 200 in 77ms (next.js: 51ms, application-code: 25ms)
 GET /contracts 200 in 78ms (next.js: 53ms, application-code: 25ms)
Persisting failed: Another write batch or compaction is already active (Only a single write operations is allowed at a time)
 GET / 200 in 89ms (next.js: 62ms, application-code: 26ms)
Persisting failed: Another write batch or compaction is already active (Only a single write operations is allowed at a time)
 GET /contracts 200 in 37ms (next.js: 9ms, application-code: 27ms)
Compaction failed: Another write batch or compaction is already active (Only a single write operations is allowed at a time)
 GET /alerts 200 in 46ms (next.js: 8ms, application-code: 38ms)
Compaction failed: Another write batch or compaction is already active (Only a single write operations is allowed at a time)
 GET /contracts 200 in 35ms (next.js: 7ms, application-code: 28ms)
Compaction failed: Another write batch or compaction is already active (Only a single write operations is allowed at a time)
Compaction failed: Another write batch or compaction is already active (Only a single write operations is allowed at a time)
Compaction failed: Another write batch or compaction is already active (Only a single write operations is allowed at a time)
Compaction failed: Another write batch or compaction is already active (Only a single write operations is allowed at a time)
Compaction failed: Another write batch or compaction is already active (Only a single write operations is allowed at a time)
Compaction failed: Another write batch or compaction is already active (Only a single write operations is allowed at a time)
Compaction failed: Another write batch or compaction is already active (Only a single write operations is allowed at a time)
Compaction failed: Another write batch or compaction is already active (Only a single write operations is allowed at a time)
Persisting failed: Another write batch or compaction is already active (Only a single write operations is allowed at a time)
Compaction failed: Another write batch or compaction is already active (Only a single write operations is allowed at a time)
Compaction failed: Another write batch or compaction is already active (Only a single write operations is allowed at a time)
 GET / 200 in 83ms (next.js: 26ms, application-code: 57ms)
 GET /contracts 200 in 55ms (next.js: 9ms, application-code: 46ms)
 GET /alerts 200 in 56ms (next.js: 10ms, application-code: 46ms)
 GET /dbt 200 in 55ms (next.js: 14ms, application-code: 40ms)
 GET /lineage 200 in 57ms (next.js: 6ms, application-code: 51ms)
 GET /ownership 200 in 241ms (next.js: 9ms, application-code: 231ms)
[browser] The width(-1) and height(-1) of chart should be greater than 0,
       please check the style of container, or the props width(100%) and height(100%),
       or add a minWidth(0) or minHeight(undefined) or use aspect(undefined) to control the
       height and width.
[browser] The width(-1) and height(-1) of chart should be greater than 0,
       please check the style of container, or the props width(100%) and height(100%),
       or add a minWidth(0) or minHeight(undefined) or use aspect(undefined) to control the
       height and width.
Compaction failed: Another write batch or compaction is already active (Only a single write operations is allowed at a time)
 GET /teams 200 in 22ms (next.js: 4ms, application-code: 18ms)
 GET /incidents 200 in 23ms (next.js: 6ms, application-code: 17ms)
 GET /github 200 in 43ms (next.js: 13ms, application-code: 30ms)
[browser] The width(-1) and height(-1) of chart should be greater than 0,
       please check the style of container, or the props width(100%) and height(100%),
       or add a minWidth(0) or minHeight(undefined) or use aspect(undefined) to control the
       height and width.
[browser] The width(-1) and height(-1) of chart should be greater than 0,
       please check the style of container, or the props width(100%) and height(100%),
       or add a minWidth(0) or minHeight(undefined) or use aspect(undefined) to control the
       height and width.
○ Compiling /operations ...
 GET /operations 200 in 4.5s (next.js: 4.5s, application-code: 38ms)
Persisting failed: Another write batch or compaction is already active (Only a single write operations is allowed at a time)
Compaction failed: Another write batch or compaction is already active (Only a single write operations is allowed at a time)
 GET /pipeline-health 200 in 2.0s (next.js: 1984ms, application-code: 33ms)
[browser] The width(-1) and height(-1) of chart should be greater than 0,
       please check the style of container, or the props width(100%) and height(100%),
       or add a minWidth(0) or minHeight(undefined) or use aspect(undefined) to control the
       height and width.
[browser] The width(-1) and height(-1) of chart should be greater than 0,
       please check the style of container, or the props width(100%) and height(100%),
       or add a minWidth(0) or minHeight(undefined) or use aspect(undefined) to control the
       height and width.
Persisting failed: Another write batch or compaction is already active (Only a single write operations is allowed at a time)
Compaction failed: Another write batch or compaction is already active (Only a single write operations is allowed at a time)
 GET /failures 200 in 718ms (next.js: 693ms, application-code: 24ms)
 GET /executive 200 in 61ms (next.js: 41ms, application-code: 20ms)
[browser] The width(-1) and height(-1) of chart should be greater than 0,
       please check the style of container, or the props width(100%) and height(100%),
       or add a minWidth(0) or minHeight(undefined) or use aspect(undefined) to control the
       height and width.
[browser] The width(-1) and height(-1) of chart should be greater than 0,
       please check the style of container, or the props width(100%) and height(100%),
       or add a minWidth(0) or minHeight(undefined) or use aspect(undefined) to control the
       height and width.
[browser] The width(-1) and height(-1) of chart should be greater than 0,
       please check the style of container, or the props width(100%) and height(100%),
       or add a minWidth(0) or minHeight(undefined) or use aspect(undefined) to control the
       height and width.
[browser] The width(-1) and height(-1) of chart should be greater than 0,
       please check the style of container, or the props width(100%) and height(100%),
       or add a minWidth(0) or minHeight(undefined) or use aspect(undefined) to control the
       height and width.
Persisting failed: Another write batch or compaction is already active (Only a single write operations is allowed at a time)
Compaction failed: Another write batch or compaction is already active (Only a single write operations is allowed at a time)
 GET / 200 in 45ms (next.js: 16ms, application-code: 29ms)
Compaction failed: Another write batch or compaction is already active (Only a single write operations is allowed at a time)
 GET /contracts 200 in 29ms (next.js: 6ms, application-code: 23ms)
Compaction failed: Another write batch or compaction is already active (Only a single write operations is allowed at a time)
 GET /alerts 200 in 33ms (next.js: 7ms, application-code: 26ms)
 GET /dbt 200 in 32ms (next.js: 7ms, application-code: 24ms)
 GET /lineage 200 in 20ms (next.js: 6ms, application-code: 14ms)
Compaction failed: Another write batch or compaction is already active (Only a single write operations is allowed at a time)
 GET /ownership 200 in 46ms (next.js: 14ms, application-code: 32ms)
[browser] The width(-1) and height(-1) of chart should be greater than 0,
       please check the style of container, or the props width(100%) and height(100%),
       or add a minWidth(0) or minHeight(undefined) or use aspect(undefined) to control the
       height and width.
[browser] The width(-1) and height(-1) of chart should be greater than 0,
       please check the style of container, or the props width(100%) and height(100%),
       or add a minWidth(0) or minHeight(undefined) or use aspect(undefined) to control the
       height and width.
Compaction failed: Another write batch or compaction is already active (Only a single write operations is allowed at a time)
 GET /lineage 200 in 44ms (next.js: 11ms, application-code: 33ms)
 GET /dbt 200 in 29ms (next.js: 5ms, application-code: 24ms)
Compaction failed: Another write batch or compaction is already active (Only a single write operations is allowed at a time)
 GET /pipeline-health 200 in 75ms (next.js: 25ms, application-code: 50ms)
[browser] The width(-1) and height(-1) of chart should be greater than 0,
       please check the style of container, or the props width(100%) and height(100%),
       or add a minWidth(0) or minHeight(undefined) or use aspect(undefined) to control the
       height and width.
[browser] The width(-1) and height(-1) of chart should be greater than 0,
       please check the style of container, or the props width(100%) and height(100%),
       or add a minWidth(0) or minHeight(undefined) or use aspect(undefined) to control the
       height and width.
 GET /airflow 200 in 1642ms (next.js: 1609ms, application-code: 34ms)
[browser] The width(-1) and height(-1) of chart should be greater than 0,
       please check the style of container, or the props width(100%) and height(80%),
       or add a minWidth(0) or minHeight(undefined) or use aspect(undefined) to control the
       height and width.
[browser] The width(-1) and height(-1) of chart should be greater than 0,
       please check the style of container, or the props width(100%) and height(80%),
       or add a minWidth(0) or minHeight(undefined) or use aspect(undefined) to control the
       height and width.
⨯ ./src/app/layout.tsx:5:1
Module not found: Can't resolve './Header'
  [90m3 |[0m [36mimport[0m [32m"./globals.css"[0m;
  [90m4 |[0m [36mimport[0m [33mSidebar[0m [36mfrom[0m [32m"./Sidebar"[0m;
[31m[1m>[0m [90m5 |[0m [36mimport[0m [33mHeader[0m [36mfrom[0m [32m"./Header"[0m;
  [90m  |[0m [31m[1m^^^^^^^^^^^^^^^^^^^^^^^^^^^^^^[0m
  [90m6 |[0m [36mimport[0m { [33mProviders[0m } [36mfrom[0m [32m"./Providers"[0m;
  [90m7 |[0m
  [90m8 |[0m [36mconst[0m inter = [33mInter[0m({ subsets: [[32m"latin"[0m] });



https://nextjs.org/docs/messages/module-not-found


⨯ ./src/app/layout.tsx:5:1
Module not found: Can't resolve './Header'
  [90m3 |[0m [36mimport[0m [32m"./globals.css"[0m;
  [90m4 |[0m [36mimport[0m [33mSidebar[0m [36mfrom[0m [32m"./Sidebar"[0m;
[31m[1m>[0m [90m5 |[0m [36mimport[0m [33mHeader[0m [36mfrom[0m [32m"./Header"[0m;
  [90m  |[0m [31m[1m^^^^^^^^^^^^^^^^^^^^^^^^^^^^^^[0m
  [90m6 |[0m [36mimport[0m { [33mProviders[0m } [36mfrom[0m [32m"./Providers"[0m;
  [90m7 |[0m
  [90m8 |[0m [36mconst[0m inter = [33mInter[0m({ subsets: [[32m"latin"[0m] });



https://nextjs.org/docs/messages/module-not-found


⨯ ./src/app/layout.tsx:5:1
Module not found: Can't resolve './Header'
  [90m3 |[0m [36mimport[0m [32m"./globals.css"[0m;
  [90m4 |[0m [36mimport[0m [33mSidebar[0m [36mfrom[0m [32m"./Sidebar"[0m;
[31m[1m>[0m [90m5 |[0m [36mimport[0m [33mHeader[0m [36mfrom[0m [32m"./Header"[0m;
  [90m  |[0m [31m[1m^^^^^^^^^^^^^^^^^^^^^^^^^^^^^^[0m
  [90m6 |[0m [36mimport[0m { [33mProviders[0m } [36mfrom[0m [32m"./Providers"[0m;
  [90m7 |[0m
  [90m8 |[0m [36mconst[0m inter = [33mInter[0m({ subsets: [[32m"latin"[0m] });



https://nextjs.org/docs/messages/module-not-found


⨯ ./src/app/layout.tsx:5:1
Module not found: Can't resolve './Header'
  [90m3 |[0m [36mimport[0m [32m"./globals.css"[0m;
  [90m4 |[0m [36mimport[0m [33mSidebar[0m [36mfrom[0m [32m"./Sidebar"[0m;
[31m[1m>[0m [90m5 |[0m [36mimport[0m [33mHeader[0m [36mfrom[0m [32m"./Header"[0m;
  [90m  |[0m [31m[1m^^^^^^^^^^^^^^^^^^^^^^^^^^^^^^[0m
  [90m6 |[0m [36mimport[0m { [33mProviders[0m } [36mfrom[0m [32m"./Providers"[0m;
  [90m7 |[0m
  [90m8 |[0m [36mconst[0m inter = [33mInter[0m({ subsets: [[32m"latin"[0m] });



https://nextjs.org/docs/messages/module-not-found


⨯ ./src/app/layout.tsx:5:1
Module not found: Can't resolve './Header'
  [90m3 |[0m [36mimport[0m [32m"./globals.css"[0m;
  [90m4 |[0m [36mimport[0m [33mSidebar[0m [36mfrom[0m [32m"./Sidebar"[0m;
[31m[1m>[0m [90m5 |[0m [36mimport[0m [33mHeader[0m [36mfrom[0m [32m"./Header"[0m;
  [90m  |[0m [31m[1m^^^^^^^^^^^^^^^^^^^^^^^^^^^^^^[0m
  [90m6 |[0m [36mimport[0m { [33mProviders[0m } [36mfrom[0m [32m"./Providers"[0m;
  [90m7 |[0m
  [90m8 |[0m [36mconst[0m inter = [33mInter[0m({ subsets: [[32m"latin"[0m] });



https://nextjs.org/docs/messages/module-not-found


⨯ ./src/app/layout.tsx:5:1
Module not found: Can't resolve './Header'
  [90m3 |[0m [36mimport[0m [32m"./globals.css"[0m;
  [90m4 |[0m [36mimport[0m [33mSidebar[0m [36mfrom[0m [32m"./Sidebar"[0m;
[31m[1m>[0m [90m5 |[0m [36mimport[0m [33mHeader[0m [36mfrom[0m [32m"./Header"[0m;
  [90m  |[0m [31m[1m^^^^^^^^^^^^^^^^^^^^^^^^^^^^^^[0m
  [90m6 |[0m [36mimport[0m { [33mProviders[0m } [36mfrom[0m [32m"./Providers"[0m;
  [90m7 |[0m
  [90m8 |[0m [36mconst[0m inter = [33mInter[0m({ subsets: [[32m"latin"[0m] });



https://nextjs.org/docs/messages/module-not-found


⨯ ./src/app/layout.tsx:5:1
Module not found: Can't resolve './Header'
  [90m3 |[0m [36mimport[0m [32m"./globals.css"[0m;
  [90m4 |[0m [36mimport[0m [33mSidebar[0m [36mfrom[0m [32m"./Sidebar"[0m;
[31m[1m>[0m [90m5 |[0m [36mimport[0m [33mHeader[0m [36mfrom[0m [32m"./Header"[0m;
  [90m  |[0m [31m[1m^^^^^^^^^^^^^^^^^^^^^^^^^^^^^^[0m
  [90m6 |[0m [36mimport[0m { [33mProviders[0m } [36mfrom[0m [32m"./Providers"[0m;
  [90m7 |[0m
  [90m8 |[0m [36mconst[0m inter = [33mInter[0m({ subsets: [[32m"latin"[0m] });



https://nextjs.org/docs/messages/module-not-found


⨯ ./src/app/layout.tsx:5:1
Module not found: Can't resolve './Header'
  [90m3 |[0m [36mimport[0m [32m"./globals.css"[0m;
  [90m4 |[0m [36mimport[0m [33mSidebar[0m [36mfrom[0m [32m"./Sidebar"[0m;
[31m[1m>[0m [90m5 |[0m [36mimport[0m [33mHeader[0m [36mfrom[0m [32m"./Header"[0m;
  [90m  |[0m [31m[1m^^^^^^^^^^^^^^^^^^^^^^^^^^^^^^[0m
  [90m6 |[0m [36mimport[0m { [33mProviders[0m } [36mfrom[0m [32m"./Providers"[0m;
  [90m7 |[0m
  [90m8 |[0m [36mconst[0m inter = [33mInter[0m({ subsets: [[32m"latin"[0m] });



https://nextjs.org/docs/messages/module-not-found


⨯ ./src/app/layout.tsx:5:1
Module not found: Can't resolve './Header'
  [90m3 |[0m [36mimport[0m [32m"./globals.css"[0m;
  [90m4 |[0m [36mimport[0m [33mSidebar[0m [36mfrom[0m [32m"./Sidebar"[0m;
[31m[1m>[0m [90m5 |[0m [36mimport[0m [33mHeader[0m [36mfrom[0m [32m"./Header"[0m;
  [90m  |[0m [31m[1m^^^^^^^^^^^^^^^^^^^^^^^^^^^^^^[0m
  [90m6 |[0m [36mimport[0m { [33mProviders[0m } [36mfrom[0m [32m"./Providers"[0m;
  [90m7 |[0m
  [90m8 |[0m [36mconst[0m inter = [33mInter[0m({ subsets: [[32m"latin"[0m] });



https://nextjs.org/docs/messages/module-not-found


⨯ ./src/app/layout.tsx:5:1
Module not found: Can't resolve './Header'
  [90m3 |[0m [36mimport[0m [32m"./globals.css"[0m;
  [90m4 |[0m [36mimport[0m [33mSidebar[0m [36mfrom[0m [32m"./Sidebar"[0m;
[31m[1m>[0m [90m5 |[0m [36mimport[0m [33mHeader[0m [36mfrom[0m [32m"./Header"[0m;
  [90m  |[0m [31m[1m^^^^^^^^^^^^^^^^^^^^^^^^^^^^^^[0m
  [90m6 |[0m [36mimport[0m { [33mProviders[0m } [36mfrom[0m [32m"./Providers"[0m;
  [90m7 |[0m
  [90m8 |[0m [36mconst[0m inter = [33mInter[0m({ subsets: [[32m"latin"[0m] });



https://nextjs.org/docs/messages/module-not-found


⨯ ./src/app/layout.tsx:5:1
Module not found: Can't resolve './Header'
  [90m3 |[0m [36mimport[0m [32m"./globals.css"[0m;
  [90m4 |[0m [36mimport[0m [33mSidebar[0m [36mfrom[0m [32m"./Sidebar"[0m;
[31m[1m>[0m [90m5 |[0m [36mimport[0m [33mHeader[0m [36mfrom[0m [32m"./Header"[0m;
  [90m  |[0m [31m[1m^^^^^^^^^^^^^^^^^^^^^^^^^^^^^^[0m
  [90m6 |[0m [36mimport[0m { [33mProviders[0m } [36mfrom[0m [32m"./Providers"[0m;
  [90m7 |[0m
  [90m8 |[0m [36mconst[0m inter = [33mInter[0m({ subsets: [[32m"latin"[0m] });



https://nextjs.org/docs/messages/module-not-found


⨯ ./src/app/layout.tsx:5:1
Module not found: Can't resolve './Header'
  [90m3 |[0m [36mimport[0m [32m"./globals.css"[0m;
  [90m4 |[0m [36mimport[0m [33mSidebar[0m [36mfrom[0m [32m"./Sidebar"[0m;
[31m[1m>[0m [90m5 |[0m [36mimport[0m [33mHeader[0m [36mfrom[0m [32m"./Header"[0m;
  [90m  |[0m [31m[1m^^^^^^^^^^^^^^^^^^^^^^^^^^^^^^[0m
  [90m6 |[0m [36mimport[0m { [33mProviders[0m } [36mfrom[0m [32m"./Providers"[0m;
  [90m7 |[0m
  [90m8 |[0m [36mconst[0m inter = [33mInter[0m({ subsets: [[32m"latin"[0m] });



https://nextjs.org/docs/messages/module-not-found


⨯ ./src/app/layout.tsx:5:1
Module not found: Can't resolve './Header'
  [90m3 |[0m [36mimport[0m [32m"./globals.css"[0m;
  [90m4 |[0m [36mimport[0m [33mSidebar[0m [36mfrom[0m [32m"./Sidebar"[0m;
[31m[1m>[0m [90m5 |[0m [36mimport[0m [33mHeader[0m [36mfrom[0m [32m"./Header"[0m;
  [90m  |[0m [31m[1m^^^^^^^^^^^^^^^^^^^^^^^^^^^^^^[0m
  [90m6 |[0m [36mimport[0m { [33mProviders[0m } [36mfrom[0m [32m"./Providers"[0m;
  [90m7 |[0m
  [90m8 |[0m [36mconst[0m inter = [33mInter[0m({ subsets: [[32m"latin"[0m] });



https://nextjs.org/docs/messages/module-not-found


⨯ ./src/app/layout.tsx:5:1
Module not found: Can't resolve './Header'
  [90m3 |[0m [36mimport[0m [32m"./globals.css"[0m;
  [90m4 |[0m [36mimport[0m [33mSidebar[0m [36mfrom[0m [32m"./Sidebar"[0m;
[31m[1m>[0m [90m5 |[0m [36mimport[0m [33mHeader[0m [36mfrom[0m [32m"./Header"[0m;
  [90m  |[0m [31m[1m^^^^^^^^^^^^^^^^^^^^^^^^^^^^^^[0m
  [90m6 |[0m [36mimport[0m { [33mProviders[0m } [36mfrom[0m [32m"./Providers"[0m;
  [90m7 |[0m
  [90m8 |[0m [36mconst[0m inter = [33mInter[0m({ subsets: [[32m"latin"[0m] });



https://nextjs.org/docs/messages/module-not-found


⨯ ./src/app/layout.tsx:5:1
Module not found: Can't resolve './Header'
  [90m3 |[0m [36mimport[0m [32m"./globals.css"[0m;
  [90m4 |[0m [36mimport[0m [33mSidebar[0m [36mfrom[0m [32m"./Sidebar"[0m;
[31m[1m>[0m [90m5 |[0m [36mimport[0m [33mHeader[0m [36mfrom[0m [32m"./Header"[0m;
  [90m  |[0m [31m[1m^^^^^^^^^^^^^^^^^^^^^^^^^^^^^^[0m
  [90m6 |[0m [36mimport[0m { [33mProviders[0m } [36mfrom[0m [32m"./Providers"[0m;
  [90m7 |[0m
  [90m8 |[0m [36mconst[0m inter = [33mInter[0m({ subsets: [[32m"latin"[0m] });



https://nextjs.org/docs/messages/module-not-found


⨯ ./src/app/layout.tsx:5:1
Module not found: Can't resolve './Header'
  [90m3 |[0m [36mimport[0m [32m"./globals.css"[0m;
  [90m4 |[0m [36mimport[0m [33mSidebar[0m [36mfrom[0m [32m"./Sidebar"[0m;
[31m[1m>[0m [90m5 |[0m [36mimport[0m [33mHeader[0m [36mfrom[0m [32m"./Header"[0m;
  [90m  |[0m [31m[1m^^^^^^^^^^^^^^^^^^^^^^^^^^^^^^[0m
  [90m6 |[0m [36mimport[0m { [33mProviders[0m } [36mfrom[0m [32m"./Providers"[0m;
  [90m7 |[0m
  [90m8 |[0m [36mconst[0m inter = [33mInter[0m({ subsets: [[32m"latin"[0m] });



https://nextjs.org/docs/messages/module-not-found


⨯ ./src/app/layout.tsx:5:1
Module not found: Can't resolve './Header'
  [90m3 |[0m [36mimport[0m [32m"./globals.css"[0m;
  [90m4 |[0m [36mimport[0m [33mSidebar[0m [36mfrom[0m [32m"./Sidebar"[0m;
[31m[1m>[0m [90m5 |[0m [36mimport[0m [33mHeader[0m [36mfrom[0m [32m"./Header"[0m;
  [90m  |[0m [31m[1m^^^^^^^^^^^^^^^^^^^^^^^^^^^^^^[0m
  [90m6 |[0m [36mimport[0m { [33mProviders[0m } [36mfrom[0m [32m"./Providers"[0m;
  [90m7 |[0m
  [90m8 |[0m [36mconst[0m inter = [33mInter[0m({ subsets: [[32m"latin"[0m] });



https://nextjs.org/docs/messages/module-not-found


⨯ ./src/app/layout.tsx:5:1
Module not found: Can't resolve './Header'
  [90m3 |[0m [36mimport[0m [32m"./globals.css"[0m;
  [90m4 |[0m [36mimport[0m [33mSidebar[0m [36mfrom[0m [32m"./Sidebar"[0m;
[31m[1m>[0m [90m5 |[0m [36mimport[0m [33mHeader[0m [36mfrom[0m [32m"./Header"[0m;
  [90m  |[0m [31m[1m^^^^^^^^^^^^^^^^^^^^^^^^^^^^^^[0m
  [90m6 |[0m [36mimport[0m { [33mProviders[0m } [36mfrom[0m [32m"./Providers"[0m;
  [90m7 |[0m
  [90m8 |[0m [36mconst[0m inter = [33mInter[0m({ subsets: [[32m"latin"[0m] });



https://nextjs.org/docs/messages/module-not-found


⨯ ./src/app/layout.tsx:5:1
Module not found: Can't resolve './Header'
  [90m3 |[0m [36mimport[0m [32m"./globals.css"[0m;
  [90m4 |[0m [36mimport[0m [33mSidebar[0m [36mfrom[0m [32m"./Sidebar"[0m;
[31m[1m>[0m [90m5 |[0m [36mimport[0m [33mHeader[0m [36mfrom[0m [32m"./Header"[0m;
  [90m  |[0m [31m[1m^^^^^^^^^^^^^^^^^^^^^^^^^^^^^^[0m
  [90m6 |[0m [36mimport[0m { [33mProviders[0m } [36mfrom[0m [32m"./Providers"[0m;
  [90m7 |[0m
  [90m8 |[0m [36mconst[0m inter = [33mInter[0m({ subsets: [[32m"latin"[0m] });



https://nextjs.org/docs/messages/module-not-found


⨯ ./src/app/layout.tsx:5:1
Module not found: Can't resolve './Header'
  [90m3 |[0m [36mimport[0m [32m"./globals.css"[0m;
  [90m4 |[0m [36mimport[0m [33mSidebar[0m [36mfrom[0m [32m"./Sidebar"[0m;
[31m[1m>[0m [90m5 |[0m [36mimport[0m [33mHeader[0m [36mfrom[0m [32m"./Header"[0m;
  [90m  |[0m [31m[1m^^^^^^^^^^^^^^^^^^^^^^^^^^^^^^[0m
  [90m6 |[0m [36mimport[0m { [33mProviders[0m } [36mfrom[0m [32m"./Providers"[0m;
  [90m7 |[0m
  [90m8 |[0m [36mconst[0m inter = [33mInter[0m({ subsets: [[32m"latin"[0m] });



https://nextjs.org/docs/messages/module-not-found


⨯ ./src/app/layout.tsx:5:1
Module not found: Can't resolve './Header'
  [90m3 |[0m [36mimport[0m [32m"./globals.css"[0m;
  [90m4 |[0m [36mimport[0m [33mSidebar[0m [36mfrom[0m [32m"./Sidebar"[0m;
[31m[1m>[0m [90m5 |[0m [36mimport[0m [33mHeader[0m [36mfrom[0m [32m"./Header"[0m;
  [90m  |[0m [31m[1m^^^^^^^^^^^^^^^^^^^^^^^^^^^^^^[0m
  [90m6 |[0m [36mimport[0m { [33mProviders[0m } [36mfrom[0m [32m"./Providers"[0m;
  [90m7 |[0m
  [90m8 |[0m [36mconst[0m inter = [33mInter[0m({ subsets: [[32m"latin"[0m] });



https://nextjs.org/docs/messages/module-not-found


⨯ ./src/app/layout.tsx:5:1
Module not found: Can't resolve './Header'
  [90m3 |[0m [36mimport[0m [32m"./globals.css"[0m;
  [90m4 |[0m [36mimport[0m [33mSidebar[0m [36mfrom[0m [32m"./Sidebar"[0m;
[31m[1m>[0m [90m5 |[0m [36mimport[0m [33mHeader[0m [36mfrom[0m [32m"./Header"[0m;
  [90m  |[0m [31m[1m^^^^^^^^^^^^^^^^^^^^^^^^^^^^^^[0m
  [90m6 |[0m [36mimport[0m { [33mProviders[0m } [36mfrom[0m [32m"./Providers"[0m;
  [90m7 |[0m
  [90m8 |[0m [36mconst[0m inter = [33mInter[0m({ subsets: [[32m"latin"[0m] });



https://nextjs.org/docs/messages/module-not-found


⨯ ./src/app/layout.tsx:5:1
Module not found: Can't resolve './Header'
  [90m3 |[0m [36mimport[0m [32m"./globals.css"[0m;
  [90m4 |[0m [36mimport[0m [33mSidebar[0m [36mfrom[0m [32m"./Sidebar"[0m;
[31m[1m>[0m [90m5 |[0m [36mimport[0m [33mHeader[0m [36mfrom[0m [32m"./Header"[0m;
  [90m  |[0m [31m[1m^^^^^^^^^^^^^^^^^^^^^^^^^^^^^^[0m
  [90m6 |[0m [36mimport[0m { [33mProviders[0m } [36mfrom[0m [32m"./Providers"[0m;
  [90m7 |[0m
  [90m8 |[0m [36mconst[0m inter = [33mInter[0m({ subsets: [[32m"latin"[0m] });



https://nextjs.org/docs/messages/module-not-found


⨯ ./src/app/layout.tsx:5:1
Module not found: Can't resolve './Header'
  [90m3 |[0m [36mimport[0m [32m"./globals.css"[0m;
  [90m4 |[0m [36mimport[0m [33mSidebar[0m [36mfrom[0m [32m"./Sidebar"[0m;
[31m[1m>[0m [90m5 |[0m [36mimport[0m [33mHeader[0m [36mfrom[0m [32m"./Header"[0m;
  [90m  |[0m [31m[1m^^^^^^^^^^^^^^^^^^^^^^^^^^^^^^[0m
  [90m6 |[0m [36mimport[0m { [33mProviders[0m } [36mfrom[0m [32m"./Providers"[0m;
  [90m7 |[0m
  [90m8 |[0m [36mconst[0m inter = [33mInter[0m({ subsets: [[32m"latin"[0m] });



https://nextjs.org/docs/messages/module-not-found


⨯ ./src/app/layout.tsx:5:1
Module not found: Can't resolve './Header'
  [90m3 |[0m [36mimport[0m [32m"./globals.css"[0m;
  [90m4 |[0m [36mimport[0m [33mSidebar[0m [36mfrom[0m [32m"./Sidebar"[0m;
[31m[1m>[0m [90m5 |[0m [36mimport[0m [33mHeader[0m [36mfrom[0m [32m"./Header"[0m;
  [90m  |[0m [31m[1m^^^^^^^^^^^^^^^^^^^^^^^^^^^^^^[0m
  [90m6 |[0m [36mimport[0m { [33mProviders[0m } [36mfrom[0m [32m"./Providers"[0m;
  [90m7 |[0m
  [90m8 |[0m [36mconst[0m inter = [33mInter[0m({ subsets: [[32m"latin"[0m] });



https://nextjs.org/docs/messages/module-not-found


⨯ ./src/app/layout.tsx:5:1
Module not found: Can't resolve './Header'
  [90m3 |[0m [36mimport[0m [32m"./globals.css"[0m;
  [90m4 |[0m [36mimport[0m [33mSidebar[0m [36mfrom[0m [32m"./Sidebar"[0m;
[31m[1m>[0m [90m5 |[0m [36mimport[0m [33mHeader[0m [36mfrom[0m [32m"./Header"[0m;
  [90m  |[0m [31m[1m^^^^^^^^^^^^^^^^^^^^^^^^^^^^^^[0m
  [90m6 |[0m [36mimport[0m { [33mProviders[0m } [36mfrom[0m [32m"./Providers"[0m;
  [90m7 |[0m
  [90m8 |[0m [36mconst[0m inter = [33mInter[0m({ subsets: [[32m"latin"[0m] });



https://nextjs.org/docs/messages/module-not-found


⨯ ./src/app/layout.tsx:5:1
Module not found: Can't resolve './Header'
  [90m3 |[0m [36mimport[0m [32m"./globals.css"[0m;
  [90m4 |[0m [36mimport[0m [33mSidebar[0m [36mfrom[0m [32m"./Sidebar"[0m;
[31m[1m>[0m [90m5 |[0m [36mimport[0m [33mHeader[0m [36mfrom[0m [32m"./Header"[0m;
  [90m  |[0m [31m[1m^^^^^^^^^^^^^^^^^^^^^^^^^^^^^^[0m
  [90m6 |[0m [36mimport[0m { [33mProviders[0m } [36mfrom[0m [32m"./Providers"[0m;
  [90m7 |[0m
  [90m8 |[0m [36mconst[0m inter = [33mInter[0m({ subsets: [[32m"latin"[0m] });



https://nextjs.org/docs/messages/module-not-found


⨯ ./src/app/layout.tsx:5:1
Module not found: Can't resolve './Header'
  [90m3 |[0m [36mimport[0m [32m"./globals.css"[0m;
  [90m4 |[0m [36mimport[0m [33mSidebar[0m [36mfrom[0m [32m"./Sidebar"[0m;
[31m[1m>[0m [90m5 |[0m [36mimport[0m [33mHeader[0m [36mfrom[0m [32m"./Header"[0m;
  [90m  |[0m [31m[1m^^^^^^^^^^^^^^^^^^^^^^^^^^^^^^[0m
  [90m6 |[0m [36mimport[0m { [33mProviders[0m } [36mfrom[0m [32m"./Providers"[0m;
  [90m7 |[0m
  [90m8 |[0m [36mconst[0m inter = [33mInter[0m({ subsets: [[32m"latin"[0m] });



https://nextjs.org/docs/messages/module-not-found


⨯ ./src/app/layout.tsx:5:1
Module not found: Can't resolve './Header'
  [90m3 |[0m [36mimport[0m [32m"./globals.css"[0m;
  [90m4 |[0m [36mimport[0m [33mSidebar[0m [36mfrom[0m [32m"./Sidebar"[0m;
[31m[1m>[0m [90m5 |[0m [36mimport[0m [33mHeader[0m [36mfrom[0m [32m"./Header"[0m;
  [90m  |[0m [31m[1m^^^^^^^^^^^^^^^^^^^^^^^^^^^^^^[0m
  [90m6 |[0m [36mimport[0m { [33mProviders[0m } [36mfrom[0m [32m"./Providers"[0m;
  [90m7 |[0m
  [90m8 |[0m [36mconst[0m inter = [33mInter[0m({ subsets: [[32m"latin"[0m] });



https://nextjs.org/docs/messages/module-not-found


⨯ ./src/app/layout.tsx:5:1
Module not found: Can't resolve './Header'
  [90m3 |[0m [36mimport[0m [32m"./globals.css"[0m;
  [90m4 |[0m [36mimport[0m [33mSidebar[0m [36mfrom[0m [32m"./Sidebar"[0m;
[31m[1m>[0m [90m5 |[0m [36mimport[0m [33mHeader[0m [36mfrom[0m [32m"./Header"[0m;
  [90m  |[0m [31m[1m^^^^^^^^^^^^^^^^^^^^^^^^^^^^^^[0m
  [90m6 |[0m [36mimport[0m { [33mProviders[0m } [36mfrom[0m [32m"./Providers"[0m;
  [90m7 |[0m
  [90m8 |[0m [36mconst[0m inter = [33mInter[0m({ subsets: [[32m"latin"[0m] });



https://nextjs.org/docs/messages/module-not-found


⨯ ./src/app/layout.tsx:5:1
Module not found: Can't resolve './Header'
  [90m3 |[0m [36mimport[0m [32m"./globals.css"[0m;
  [90m4 |[0m [36mimport[0m [33mSidebar[0m [36mfrom[0m [32m"./Sidebar"[0m;
[31m[1m>[0m [90m5 |[0m [36mimport[0m [33mHeader[0m [36mfrom[0m [32m"./Header"[0m;
  [90m  |[0m [31m[1m^^^^^^^^^^^^^^^^^^^^^^^^^^^^^^[0m
  [90m6 |[0m [36mimport[0m { [33mProviders[0m } [36mfrom[0m [32m"./Providers"[0m;
  [90m7 |[0m
  [90m8 |[0m [36mconst[0m inter = [33mInter[0m({ subsets: [[32m"latin"[0m] });



https://nextjs.org/docs/messages/module-not-found


⨯ ./src/app/layout.tsx:5:1
Module not found: Can't resolve './Header'
  [90m3 |[0m [36mimport[0m [32m"./globals.css"[0m;
  [90m4 |[0m [36mimport[0m [33mSidebar[0m [36mfrom[0m [32m"./Sidebar"[0m;
[31m[1m>[0m [90m5 |[0m [36mimport[0m [33mHeader[0m [36mfrom[0m [32m"./Header"[0m;
  [90m  |[0m [31m[1m^^^^^^^^^^^^^^^^^^^^^^^^^^^^^^[0m
  [90m6 |[0m [36mimport[0m { [33mProviders[0m } [36mfrom[0m [32m"./Providers"[0m;
  [90m7 |[0m
  [90m8 |[0m [36mconst[0m inter = [33mInter[0m({ subsets: [[32m"latin"[0m] });



https://nextjs.org/docs/messages/module-not-found


⨯ ./src/app/layout.tsx:5:1
Module not found: Can't resolve './Header'
  [90m3 |[0m [36mimport[0m [32m"./globals.css"[0m;
  [90m4 |[0m [36mimport[0m [33mSidebar[0m [36mfrom[0m [32m"./Sidebar"[0m;
[31m[1m>[0m [90m5 |[0m [36mimport[0m [33mHeader[0m [36mfrom[0m [32m"./Header"[0m;
  [90m  |[0m [31m[1m^^^^^^^^^^^^^^^^^^^^^^^^^^^^^^[0m
  [90m6 |[0m [36mimport[0m { [33mProviders[0m } [36mfrom[0m [32m"./Providers"[0m;
  [90m7 |[0m
  [90m8 |[0m [36mconst[0m inter = [33mInter[0m({ subsets: [[32m"latin"[0m] });



https://nextjs.org/docs/messages/module-not-found


⨯ ./src/app/layout.tsx:5:1
Module not found: Can't resolve './Header'
  [90m3 |[0m [36mimport[0m [32m"./globals.css"[0m;
  [90m4 |[0m [36mimport[0m [33mSidebar[0m [36mfrom[0m [32m"./Sidebar"[0m;
[31m[1m>[0m [90m5 |[0m [36mimport[0m [33mHeader[0m [36mfrom[0m [32m"./Header"[0m;
  [90m  |[0m [31m[1m^^^^^^^^^^^^^^^^^^^^^^^^^^^^^^[0m
  [90m6 |[0m [36mimport[0m { [33mProviders[0m } [36mfrom[0m [32m"./Providers"[0m;
  [90m7 |[0m
  [90m8 |[0m [36mconst[0m inter = [33mInter[0m({ subsets: [[32m"latin"[0m] });



https://nextjs.org/docs/messages/module-not-found


⨯ ./src/app/layout.tsx:5:1
Module not found: Can't resolve './Header'
  [90m3 |[0m [36mimport[0m [32m"./globals.css"[0m;
  [90m4 |[0m [36mimport[0m [33mSidebar[0m [36mfrom[0m [32m"./Sidebar"[0m;
[31m[1m>[0m [90m5 |[0m [36mimport[0m [33mHeader[0m [36mfrom[0m [32m"./Header"[0m;
  [90m  |[0m [31m[1m^^^^^^^^^^^^^^^^^^^^^^^^^^^^^^[0m
  [90m6 |[0m [36mimport[0m { [33mProviders[0m } [36mfrom[0m [32m"./Providers"[0m;
  [90m7 |[0m
  [90m8 |[0m [36mconst[0m inter = [33mInter[0m({ subsets: [[32m"latin"[0m] });



https://nextjs.org/docs/messages/module-not-found


⨯ ./src/app/layout.tsx:5:1
Module not found: Can't resolve './Header'
  [90m3 |[0m [36mimport[0m [32m"./globals.css"[0m;
  [90m4 |[0m [36mimport[0m [33mSidebar[0m [36mfrom[0m [32m"./Sidebar"[0m;
[31m[1m>[0m [90m5 |[0m [36mimport[0m [33mHeader[0m [36mfrom[0m [32m"./Header"[0m;
  [90m  |[0m [31m[1m^^^^^^^^^^^^^^^^^^^^^^^^^^^^^^[0m
  [90m6 |[0m [36mimport[0m { [33mProviders[0m } [36mfrom[0m [32m"./Providers"[0m;
  [90m7 |[0m
  [90m8 |[0m [36mconst[0m inter = [33mInter[0m({ subsets: [[32m"latin"[0m] });



https://nextjs.org/docs/messages/module-not-found


⨯ ./src/app/layout.tsx:5:1
Module not found: Can't resolve './Header'
  [90m3 |[0m [36mimport[0m [32m"./globals.css"[0m;
  [90m4 |[0m [36mimport[0m [33mSidebar[0m [36mfrom[0m [32m"./Sidebar"[0m;
[31m[1m>[0m [90m5 |[0m [36mimport[0m [33mHeader[0m [36mfrom[0m [32m"./Header"[0m;
  [90m  |[0m [31m[1m^^^^^^^^^^^^^^^^^^^^^^^^^^^^^^[0m
  [90m6 |[0m [36mimport[0m { [33mProviders[0m } [36mfrom[0m [32m"./Providers"[0m;
  [90m7 |[0m
  [90m8 |[0m [36mconst[0m inter = [33mInter[0m({ subsets: [[32m"latin"[0m] });



https://nextjs.org/docs/messages/module-not-found


⨯ ./src/app/layout.tsx:5:1
Module not found: Can't resolve './Header'
  [90m3 |[0m [36mimport[0m [32m"./globals.css"[0m;
  [90m4 |[0m [36mimport[0m [33mSidebar[0m [36mfrom[0m [32m"./Sidebar"[0m;
[31m[1m>[0m [90m5 |[0m [36mimport[0m [33mHeader[0m [36mfrom[0m [32m"./Header"[0m;
  [90m  |[0m [31m[1m^^^^^^^^^^^^^^^^^^^^^^^^^^^^^^[0m
  [90m6 |[0m [36mimport[0m { [33mProviders[0m } [36mfrom[0m [32m"./Providers"[0m;
  [90m7 |[0m
  [90m8 |[0m [36mconst[0m inter = [33mInter[0m({ subsets: [[32m"latin"[0m] });



https://nextjs.org/docs/messages/module-not-found


⨯ ./src/app/layout.tsx:5:1
Module not found: Can't resolve './Header'
  [90m3 |[0m [36mimport[0m [32m"./globals.css"[0m;
  [90m4 |[0m [36mimport[0m [33mSidebar[0m [36mfrom[0m [32m"./Sidebar"[0m;
[31m[1m>[0m [90m5 |[0m [36mimport[0m [33mHeader[0m [36mfrom[0m [32m"./Header"[0m;
  [90m  |[0m [31m[1m^^^^^^^^^^^^^^^^^^^^^^^^^^^^^^[0m
  [90m6 |[0m [36mimport[0m { [33mProviders[0m } [36mfrom[0m [32m"./Providers"[0m;
  [90m7 |[0m
  [90m8 |[0m [36mconst[0m inter = [33mInter[0m({ subsets: [[32m"latin"[0m] });



https://nextjs.org/docs/messages/module-not-found


⨯ ./src/app/layout.tsx:5:1
Module not found: Can't resolve './Header'
  [90m3 |[0m [36mimport[0m [32m"./globals.css"[0m;
  [90m4 |[0m [36mimport[0m [33mSidebar[0m [36mfrom[0m [32m"./Sidebar"[0m;
[31m[1m>[0m [90m5 |[0m [36mimport[0m [33mHeader[0m [36mfrom[0m [32m"./Header"[0m;
  [90m  |[0m [31m[1m^^^^^^^^^^^^^^^^^^^^^^^^^^^^^^[0m
  [90m6 |[0m [36mimport[0m { [33mProviders[0m } [36mfrom[0m [32m"./Providers"[0m;
  [90m7 |[0m
  [90m8 |[0m [36mconst[0m inter = [33mInter[0m({ subsets: [[32m"latin"[0m] });



https://nextjs.org/docs/messages/module-not-found


⨯ ./src/app/layout.tsx:5:1
Module not found: Can't resolve './Header'
  [90m3 |[0m [36mimport[0m [32m"./globals.css"[0m;
  [90m4 |[0m [36mimport[0m [33mSidebar[0m [36mfrom[0m [32m"./Sidebar"[0m;
[31m[1m>[0m [90m5 |[0m [36mimport[0m [33mHeader[0m [36mfrom[0m [32m"./Header"[0m;
  [90m  |[0m [31m[1m^^^^^^^^^^^^^^^^^^^^^^^^^^^^^^[0m
  [90m6 |[0m [36mimport[0m { [33mProviders[0m } [36mfrom[0m [32m"./Providers"[0m;
  [90m7 |[0m
  [90m8 |[0m [36mconst[0m inter = [33mInter[0m({ subsets: [[32m"latin"[0m] });



https://nextjs.org/docs/messages/module-not-found


⨯ ./src/app/layout.tsx:5:1
Module not found: Can't resolve './Header'
  [90m3 |[0m [36mimport[0m [32m"./globals.css"[0m;
  [90m4 |[0m [36mimport[0m [33mSidebar[0m [36mfrom[0m [32m"./Sidebar"[0m;
[31m[1m>[0m [90m5 |[0m [36mimport[0m [33mHeader[0m [36mfrom[0m [32m"./Header"[0m;
  [90m  |[0m [31m[1m^^^^^^^^^^^^^^^^^^^^^^^^^^^^^^[0m
  [90m6 |[0m [36mimport[0m { [33mProviders[0m } [36mfrom[0m [32m"./Providers"[0m;
  [90m7 |[0m
  [90m8 |[0m [36mconst[0m inter = [33mInter[0m({ subsets: [[32m"latin"[0m] });



https://nextjs.org/docs/messages/module-not-found


⨯ ./src/app/layout.tsx:5:1
Module not found: Can't resolve './Header'
  [90m3 |[0m [36mimport[0m [32m"./globals.css"[0m;
  [90m4 |[0m [36mimport[0m [33mSidebar[0m [36mfrom[0m [32m"./Sidebar"[0m;
[31m[1m>[0m [90m5 |[0m [36mimport[0m [33mHeader[0m [36mfrom[0m [32m"./Header"[0m;
  [90m  |[0m [31m[1m^^^^^^^^^^^^^^^^^^^^^^^^^^^^^^[0m
  [90m6 |[0m [36mimport[0m { [33mProviders[0m } [36mfrom[0m [32m"./Providers"[0m;
  [90m7 |[0m
  [90m8 |[0m [36mconst[0m inter = [33mInter[0m({ subsets: [[32m"latin"[0m] });



https://nextjs.org/docs/messages/module-not-found


⨯ ./src/app/layout.tsx:5:1
Module not found: Can't resolve './Header'
  [90m3 |[0m [36mimport[0m [32m"./globals.css"[0m;
  [90m4 |[0m [36mimport[0m [33mSidebar[0m [36mfrom[0m [32m"./Sidebar"[0m;
[31m[1m>[0m [90m5 |[0m [36mimport[0m [33mHeader[0m [36mfrom[0m [32m"./Header"[0m;
  [90m  |[0m [31m[1m^^^^^^^^^^^^^^^^^^^^^^^^^^^^^^[0m
  [90m6 |[0m [36mimport[0m { [33mProviders[0m } [36mfrom[0m [32m"./Providers"[0m;
  [90m7 |[0m
  [90m8 |[0m [36mconst[0m inter = [33mInter[0m({ subsets: [[32m"latin"[0m] });



https://nextjs.org/docs/messages/module-not-found


⨯ ./src/app/layout.tsx:5:1
Module not found: Can't resolve './Header'
  [90m3 |[0m [36mimport[0m [32m"./globals.css"[0m;
  [90m4 |[0m [36mimport[0m [33mSidebar[0m [36mfrom[0m [32m"./Sidebar"[0m;
[31m[1m>[0m [90m5 |[0m [36mimport[0m [33mHeader[0m [36mfrom[0m [32m"./Header"[0m;
  [90m  |[0m [31m[1m^^^^^^^^^^^^^^^^^^^^^^^^^^^^^^[0m
  [90m6 |[0m [36mimport[0m { [33mProviders[0m } [36mfrom[0m [32m"./Providers"[0m;
  [90m7 |[0m
  [90m8 |[0m [36mconst[0m inter = [33mInter[0m({ subsets: [[32m"latin"[0m] });



https://nextjs.org/docs/messages/module-not-found


⨯ ./src/app/layout.tsx:5:1
Module not found: Can't resolve './Header'
  [90m3 |[0m [36mimport[0m [32m"./globals.css"[0m;
  [90m4 |[0m [36mimport[0m [33mSidebar[0m [36mfrom[0m [32m"./Sidebar"[0m;
[31m[1m>[0m [90m5 |[0m [36mimport[0m [33mHeader[0m [36mfrom[0m [32m"./Header"[0m;
  [90m  |[0m [31m[1m^^^^^^^^^^^^^^^^^^^^^^^^^^^^^^[0m
  [90m6 |[0m [36mimport[0m { [33mProviders[0m } [36mfrom[0m [32m"./Providers"[0m;
  [90m7 |[0m
  [90m8 |[0m [36mconst[0m inter = [33mInter[0m({ subsets: [[32m"latin"[0m] });



https://nextjs.org/docs/messages/module-not-found


⨯ ./src/app/layout.tsx:5:1
Module not found: Can't resolve './Header'
  [90m3 |[0m [36mimport[0m [32m"./globals.css"[0m;
  [90m4 |[0m [36mimport[0m [33mSidebar[0m [36mfrom[0m [32m"./Sidebar"[0m;
[31m[1m>[0m [90m5 |[0m [36mimport[0m [33mHeader[0m [36mfrom[0m [32m"./Header"[0m;
  [90m  |[0m [31m[1m^^^^^^^^^^^^^^^^^^^^^^^^^^^^^^[0m
  [90m6 |[0m [36mimport[0m { [33mProviders[0m } [36mfrom[0m [32m"./Providers"[0m;
  [90m7 |[0m
  [90m8 |[0m [36mconst[0m inter = [33mInter[0m({ subsets: [[32m"latin"[0m] });



https://nextjs.org/docs/messages/module-not-found


⨯ ./src/app/layout.tsx:5:1
Module not found: Can't resolve './Header'
  [90m3 |[0m [36mimport[0m [32m"./globals.css"[0m;
  [90m4 |[0m [36mimport[0m [33mSidebar[0m [36mfrom[0m [32m"./Sidebar"[0m;
[31m[1m>[0m [90m5 |[0m [36mimport[0m [33mHeader[0m [36mfrom[0m [32m"./Header"[0m;
  [90m  |[0m [31m[1m^^^^^^^^^^^^^^^^^^^^^^^^^^^^^^[0m
  [90m6 |[0m [36mimport[0m { [33mProviders[0m } [36mfrom[0m [32m"./Providers"[0m;
  [90m7 |[0m
  [90m8 |[0m [36mconst[0m inter = [33mInter[0m({ subsets: [[32m"latin"[0m] });



https://nextjs.org/docs/messages/module-not-found


⨯ ./src/app/layout.tsx:5:1
Module not found: Can't resolve './Header'
  [90m3 |[0m [36mimport[0m [32m"./globals.css"[0m;
  [90m4 |[0m [36mimport[0m [33mSidebar[0m [36mfrom[0m [32m"./Sidebar"[0m;
[31m[1m>[0m [90m5 |[0m [36mimport[0m [33mHeader[0m [36mfrom[0m [32m"./Header"[0m;
  [90m  |[0m [31m[1m^^^^^^^^^^^^^^^^^^^^^^^^^^^^^^[0m
  [90m6 |[0m [36mimport[0m { [33mProviders[0m } [36mfrom[0m [32m"./Providers"[0m;
  [90m7 |[0m
  [90m8 |[0m [36mconst[0m inter = [33mInter[0m({ subsets: [[32m"latin"[0m] });



https://nextjs.org/docs/messages/module-not-found


✓ Compiled in 1551ms
 GET /airflow 500 in 400ms (next.js: 374ms, application-code: 26ms)
⨯ ./src/app/layout.tsx:5:1
Module not found: Can't resolve './Header'
  [90m3 |[0m [36mimport[0m [32m"./globals.css"[0m;
  [90m4 |[0m [36mimport[0m [33mSidebar[0m [36mfrom[0m [32m"./Sidebar"[0m;
[31m[1m>[0m [90m5 |[0m [36mimport[0m [33mHeader[0m [36mfrom[0m [32m"./Header"[0m;
  [90m  |[0m [31m[1m^^^^^^^^^^^^^^^^^^^^^^^^^^^^^^[0m
  [90m6 |[0m [36mimport[0m { [33mProviders[0m } [36mfrom[0m [32m"./Providers"[0m;
  [90m7 |[0m
  [90m8 |[0m [36mconst[0m inter = [33mInter[0m({ subsets: [[32m"latin"[0m] });



https://nextjs.org/docs/messages/module-not-found


 GET /airflow 500 in 17ms (next.js: 7ms, application-code: 10ms)
⨯ ./src/app/layout.tsx:5:1
Module not found: Can't resolve './Header'
  [90m3 |[0m [36mimport[0m [32m"./globals.css"[0m;
  [90m4 |[0m [36mimport[0m [33mSidebar[0m [36mfrom[0m [32m"./Sidebar"[0m;
[31m[1m>[0m [90m5 |[0m [36mimport[0m [33mHeader[0m [36mfrom[0m [32m"./Header"[0m;
  [90m  |[0m [31m[1m^^^^^^^^^^^^^^^^^^^^^^^^^^^^^^[0m
  [90m6 |[0m [36mimport[0m { [33mProviders[0m } [36mfrom[0m [32m"./Providers"[0m;
  [90m7 |[0m
  [90m8 |[0m [36mconst[0m inter = [33mInter[0m({ subsets: [[32m"latin"[0m] });



https://nextjs.org/docs/messages/module-not-found


 GET /airflow 500 in 15ms (next.js: 7ms, application-code: 8ms)
⨯ ./src/app/layout.tsx:5:1
Module not found: Can't resolve './Header'
  [90m3 |[0m [36mimport[0m [32m"./globals.css"[0m;
  [90m4 |[0m [36mimport[0m [33mSidebar[0m [36mfrom[0m [32m"./Sidebar"[0m;
[31m[1m>[0m [90m5 |[0m [36mimport[0m [33mHeader[0m [36mfrom[0m [32m"./Header"[0m;
  [90m  |[0m [31m[1m^^^^^^^^^^^^^^^^^^^^^^^^^^^^^^[0m
  [90m6 |[0m [36mimport[0m { [33mProviders[0m } [36mfrom[0m [32m"./Providers"[0m;
  [90m7 |[0m
  [90m8 |[0m [36mconst[0m inter = [33mInter[0m({ subsets: [[32m"latin"[0m] });



https://nextjs.org/docs/messages/module-not-found


[browser] ./src/app/layout.tsx:5:1
Module not found: Can't resolve './Header'
  3 | import "./globals.css";
  4 | import Sidebar from "./Sidebar";
> 5 | import Header from "./Header";
    | ^^^^^^^^^^^^^^^^^^^^^^^^^^^^^^
  6 | import { Providers } from "./Providers";
  7 |
  8 | const inter = Inter({ subsets: ["latin"] });

https://nextjs.org/docs/messages/module-not-found 
[browser] ./src/app/layout.tsx:5:1
Module not found: Can't resolve './Header'
  3 | import "./globals.css";
  4 | import Sidebar from "./Sidebar";
> 5 | import Header from "./Header";
    | ^^^^^^^^^^^^^^^^^^^^^^^^^^^^^^
  6 | import { Providers } from "./Providers";
  7 |
  8 | const inter = Inter({ subsets: ["latin"] });

https://nextjs.org/docs/messages/module-not-found 
 GET /airflow 500 in 24ms (next.js: 6ms, application-code: 18ms)
⨯ ./src/app/layout.tsx:5:1
Module not found: Can't resolve './Header'
  [90m3 |[0m [36mimport[0m [32m"./globals.css"[0m;
  [90m4 |[0m [36mimport[0m [33mSidebar[0m [36mfrom[0m [32m"./Sidebar"[0m;
[31m[1m>[0m [90m5 |[0m [36mimport[0m [33mHeader[0m [36mfrom[0m [32m"./Header"[0m;
  [90m  |[0m [31m[1m^^^^^^^^^^^^^^^^^^^^^^^^^^^^^^[0m
  [90m6 |[0m [36mimport[0m { [33mProviders[0m } [36mfrom[0m [32m"./Providers"[0m;
  [90m7 |[0m
  [90m8 |[0m [36mconst[0m inter = [33mInter[0m({ subsets: [[32m"latin"[0m] });



https://nextjs.org/docs/messages/module-not-found


 GET /airflow 500 in 60ms (next.js: 25ms, application-code: 35ms)
[browser] ./src/app/layout.tsx:5:1
Module not found: Can't resolve './Header'
  3 | import "./globals.css";
  4 | import Sidebar from "./Sidebar";
> 5 | import Header from "./Header";
    | ^^^^^^^^^^^^^^^^^^^^^^^^^^^^^^
  6 | import { Providers } from "./Providers";
  7 |
  8 | const inter = Inter({ subsets: ["latin"] });

https://nextjs.org/docs/messages/module-not-found 
⨯ ./src/app/layout.tsx:5:1
Module not found: Can't resolve './Header'
  [90m3 |[0m [36mimport[0m [32m"./globals.css"[0m;
  [90m4 |[0m [36mimport[0m [33mSidebar[0m [36mfrom[0m [32m"./Sidebar"[0m;
[31m[1m>[0m [90m5 |[0m [36mimport[0m [33mHeader[0m [36mfrom[0m [32m"./Header"[0m;
  [90m  |[0m [31m[1m^^^^^^^^^^^^^^^^^^^^^^^^^^^^^^[0m
  [90m6 |[0m [36mimport[0m { [33mProviders[0m } [36mfrom[0m [32m"./Providers"[0m;
  [90m7 |[0m
  [90m8 |[0m [36mconst[0m inter = [33mInter[0m({ subsets: [[32m"latin"[0m] });



https://nextjs.org/docs/messages/module-not-found


 GET /airflow 500 in 18ms (next.js: 7ms, application-code: 11ms)
⨯ ./src/app/layout.tsx:5:1
Module not found: Can't resolve './Header'
  [90m3 |[0m [36mimport[0m [32m"./globals.css"[0m;
  [90m4 |[0m [36mimport[0m [33mSidebar[0m [36mfrom[0m [32m"./Sidebar"[0m;
[31m[1m>[0m [90m5 |[0m [36mimport[0m [33mHeader[0m [36mfrom[0m [32m"./Header"[0m;
  [90m  |[0m [31m[1m^^^^^^^^^^^^^^^^^^^^^^^^^^^^^^[0m
  [90m6 |[0m [36mimport[0m { [33mProviders[0m } [36mfrom[0m [32m"./Providers"[0m;
  [90m7 |[0m
  [90m8 |[0m [36mconst[0m inter = [33mInter[0m({ subsets: [[32m"latin"[0m] });



https://nextjs.org/docs/messages/module-not-found


⨯ ./src/app/layout.tsx:5:1
Module not found: Can't resolve './Header'
  [90m3 |[0m [36mimport[0m [32m"./globals.css"[0m;
  [90m4 |[0m [36mimport[0m [33mSidebar[0m [36mfrom[0m [32m"./Sidebar"[0m;
[31m[1m>[0m [90m5 |[0m [36mimport[0m [33mHeader[0m [36mfrom[0m [32m"./Header"[0m;
  [90m  |[0m [31m[1m^^^^^^^^^^^^^^^^^^^^^^^^^^^^^^[0m
  [90m6 |[0m [36mimport[0m { [33mProviders[0m } [36mfrom[0m [32m"./Providers"[0m;
  [90m7 |[0m
  [90m8 |[0m [36mconst[0m inter = [33mInter[0m({ subsets: [[32m"latin"[0m] });



https://nextjs.org/docs/messages/module-not-found


 GET /airflow 500 in 24ms (next.js: 13ms, application-code: 11ms)
⨯ ./src/app/layout.tsx:5:1
Module not found: Can't resolve './Header'
  [90m3 |[0m [36mimport[0m [32m"./globals.css"[0m;
  [90m4 |[0m [36mimport[0m [33mSidebar[0m [36mfrom[0m [32m"./Sidebar"[0m;
[31m[1m>[0m [90m5 |[0m [36mimport[0m [33mHeader[0m [36mfrom[0m [32m"./Header"[0m;
  [90m  |[0m [31m[1m^^^^^^^^^^^^^^^^^^^^^^^^^^^^^^[0m
  [90m6 |[0m [36mimport[0m { [33mProviders[0m } [36mfrom[0m [32m"./Providers"[0m;
  [90m7 |[0m
  [90m8 |[0m [36mconst[0m inter = [33mInter[0m({ subsets: [[32m"latin"[0m] });



https://nextjs.org/docs/messages/module-not-found


 GET /airflow 500 in 24ms (next.js: 14ms, application-code: 10ms)
 GET /airflow 500 in 18ms (next.js: 12ms, application-code: 7ms)
⨯ ./src/app/layout.tsx:5:1
Module not found: Can't resolve './Header'
  [90m3 |[0m [36mimport[0m [32m"./globals.css"[0m;
  [90m4 |[0m [36mimport[0m [33mSidebar[0m [36mfrom[0m [32m"./Sidebar"[0m;
[31m[1m>[0m [90m5 |[0m [36mimport[0m [33mHeader[0m [36mfrom[0m [32m"./Header"[0m;
  [90m  |[0m [31m[1m^^^^^^^^^^^^^^^^^^^^^^^^^^^^^^[0m
  [90m6 |[0m [36mimport[0m { [33mProviders[0m } [36mfrom[0m [32m"./Providers"[0m;
  [90m7 |[0m
  [90m8 |[0m [36mconst[0m inter = [33mInter[0m({ subsets: [[32m"latin"[0m] });



https://nextjs.org/docs/messages/module-not-found


 GET /airflow 500 in 10ms (next.js: 4ms, application-code: 7ms)
⨯ ./src/app/layout.tsx:5:1
Module not found: Can't resolve './Header'
  [90m3 |[0m [36mimport[0m [32m"./globals.css"[0m;
  [90m4 |[0m [36mimport[0m [33mSidebar[0m [36mfrom[0m [32m"./Sidebar"[0m;
[31m[1m>[0m [90m5 |[0m [36mimport[0m [33mHeader[0m [36mfrom[0m [32m"./Header"[0m;
  [90m  |[0m [31m[1m^^^^^^^^^^^^^^^^^^^^^^^^^^^^^^[0m
  [90m6 |[0m [36mimport[0m { [33mProviders[0m } [36mfrom[0m [32m"./Providers"[0m;
  [90m7 |[0m
  [90m8 |[0m [36mconst[0m inter = [33mInter[0m({ subsets: [[32m"latin"[0m] });



https://nextjs.org/docs/messages/module-not-found


 GET /airflow 500 in 21ms (next.js: 2ms, application-code: 19ms)
[browser] Uncaught Error: ./src/app/layout.tsx:5:1
Module not found: Can't resolve './Header'
  3 | import "./globals.css";
  4 | import Sidebar from "./Sidebar";
> 5 | import Header from "./Header";
    | ^^^^^^^^^^^^^^^^^^^^^^^^^^^^^^
  6 | import { Providers } from "./Providers";
  7 |
  8 | const inter = Inter({ subsets: ["latin"] });



https://nextjs.org/docs/messages/module-not-found


    at <unknown> (Error: ./src/app/layout.tsx:5:1)
    at <unknown> (https://nextjs.org/docs/messages/module-not-found)
    at <unknown> (Error: (./src/app/layout.tsx:5:1)
    at <unknown> (https://nextjs.org/docs/messages/module-not-found)
[browser] ./src/app/layout.tsx:5:1
Module not found: Can't resolve './Header'
  3 | import "./globals.css";
  4 | import Sidebar from "./Sidebar";
> 5 | import Header from "./Header";
    | ^^^^^^^^^^^^^^^^^^^^^^^^^^^^^^
  6 | import { Providers } from "./Providers";
  7 |
  8 | const inter = Inter({ subsets: ["latin"] });

https://nextjs.org/docs/messages/module-not-found 
[browser] ./src/app/layout.tsx:5:1
Module not found: Can't resolve './Header'
  3 | import "./globals.css";
  4 | import Sidebar from "./Sidebar";
> 5 | import Header from "./Header";
    | ^^^^^^^^^^^^^^^^^^^^^^^^^^^^^^
  6 | import { Providers } from "./Providers";
  7 |
  8 | const inter = Inter({ subsets: ["latin"] });

https://nextjs.org/docs/messages/module-not-found 
[browser] ./src/app/layout.tsx:5:1
Module not found: Can't resolve './Header'
  3 | import "./globals.css";
  4 | import Sidebar from "./Sidebar";
> 5 | import Header from "./Header";
    | ^^^^^^^^^^^^^^^^^^^^^^^^^^^^^^
  6 | import { Providers } from "./Providers";
  7 |
  8 | const inter = Inter({ subsets: ["latin"] });

https://nextjs.org/docs/messages/module-not-found 
[browser] ./src/app/layout.tsx:5:1
Module not found: Can't resolve './Header'
  3 | import "./globals.css";
  4 | import Sidebar from "./Sidebar";
> 5 | import Header from "./Header";
    | ^^^^^^^^^^^^^^^^^^^^^^^^^^^^^^
  6 | import { Providers } from "./Providers";
  7 |
  8 | const inter = Inter({ subsets: ["latin"] });

https://nextjs.org/docs/messages/module-not-found 
[browser] ./src/app/layout.tsx:5:1
Module not found: Can't resolve './Header'
  3 | import "./globals.css";
  4 | import Sidebar from "./Sidebar";
> 5 | import Header from "./Header";
    | ^^^^^^^^^^^^^^^^^^^^^^^^^^^^^^
  6 | import { Providers } from "./Providers";
  7 |
  8 | const inter = Inter({ subsets: ["latin"] });

https://nextjs.org/docs/messages/module-not-found 
[browser] ./src/app/layout.tsx:5:1
Module not found: Can't resolve './Header'
  3 | import "./globals.css";
  4 | import Sidebar from "./Sidebar";
> 5 | import Header from "./Header";
    | ^^^^^^^^^^^^^^^^^^^^^^^^^^^^^^
  6 | import { Providers } from "./Providers";
  7 |
  8 | const inter = Inter({ subsets: ["latin"] });

https://nextjs.org/docs/messages/module-not-found 
[browser] ./src/app/layout.tsx:5:1
Module not found: Can't resolve './Header'
  3 | import "./globals.css";
  4 | import Sidebar from "./Sidebar";
> 5 | import Header from "./Header";
    | ^^^^^^^^^^^^^^^^^^^^^^^^^^^^^^
  6 | import { Providers } from "./Providers";
  7 |
  8 | const inter = Inter({ subsets: ["latin"] });

https://nextjs.org/docs/messages/module-not-found 
[browser] ./src/app/layout.tsx:5:1
Module not found: Can't resolve './Header'
  3 | import "./globals.css";
  4 | import Sidebar from "./Sidebar";
> 5 | import Header from "./Header";
    | ^^^^^^^^^^^^^^^^^^^^^^^^^^^^^^
  6 | import { Providers } from "./Providers";
  7 |
  8 | const inter = Inter({ subsets: ["latin"] });

https://nextjs.org/docs/messages/module-not-found 
[browser] ./src/app/layout.tsx:5:1
Module not found: Can't resolve './Header'
  3 | import "./globals.css";
  4 | import Sidebar from "./Sidebar";
> 5 | import Header from "./Header";
    | ^^^^^^^^^^^^^^^^^^^^^^^^^^^^^^
  6 | import { Providers } from "./Providers";
  7 |
  8 | const inter = Inter({ subsets: ["latin"] });

https://nextjs.org/docs/messages/module-not-found 
[browser] ./src/app/layout.tsx:5:1
Module not found: Can't resolve './Header'
  3 | import "./globals.css";
  4 | import Sidebar from "./Sidebar";
> 5 | import Header from "./Header";
    | ^^^^^^^^^^^^^^^^^^^^^^^^^^^^^^
  6 | import { Providers } from "./Providers";
  7 |
  8 | const inter = Inter({ subsets: ["latin"] });

https://nextjs.org/docs/messages/module-not-found 
[browser] ./src/app/layout.tsx:5:1
Module not found: Can't resolve './Header'
  3 | import "./globals.css";
  4 | import Sidebar from "./Sidebar";
> 5 | import Header from "./Header";
    | ^^^^^^^^^^^^^^^^^^^^^^^^^^^^^^
  6 | import { Providers } from "./Providers";
  7 |
  8 | const inter = Inter({ subsets: ["latin"] });

https://nextjs.org/docs/messages/module-not-found 
[browser] ./src/app/layout.tsx:5:1
Module not found: Can't resolve './Header'
  3 | import "./globals.css";
  4 | import Sidebar from "./Sidebar";
> 5 | import Header from "./Header";
    | ^^^^^^^^^^^^^^^^^^^^^^^^^^^^^^
  6 | import { Providers } from "./Providers";
  7 |
  8 | const inter = Inter({ subsets: ["latin"] });

https://nextjs.org/docs/messages/module-not-found 
[browser] ./src/app/layout.tsx:5:1
Module not found: Can't resolve './Header'
  3 | import "./globals.css";
  4 | import Sidebar from "./Sidebar";
> 5 | import Header from "./Header";
    | ^^^^^^^^^^^^^^^^^^^^^^^^^^^^^^
  6 | import { Providers } from "./Providers";
  7 |
  8 | const inter = Inter({ subsets: ["latin"] });

https://nextjs.org/docs/messages/module-not-found 
[browser] ./src/app/layout.tsx:5:1
Module not found: Can't resolve './Header'
  3 | import "./globals.css";
  4 | import Sidebar from "./Sidebar";
> 5 | import Header from "./Header";
    | ^^^^^^^^^^^^^^^^^^^^^^^^^^^^^^
  6 | import { Providers } from "./Providers";
  7 |
  8 | const inter = Inter({ subsets: ["latin"] });

https://nextjs.org/docs/messages/module-not-found 
[browser] ./src/app/layout.tsx:5:1
Module not found: Can't resolve './Header'
  3 | import "./globals.css";
  4 | import Sidebar from "./Sidebar";
> 5 | import Header from "./Header";
    | ^^^^^^^^^^^^^^^^^^^^^^^^^^^^^^
  6 | import { Providers } from "./Providers";
  7 |
  8 | const inter = Inter({ subsets: ["latin"] });

https://nextjs.org/docs/messages/module-not-found 
[browser] ./src/app/layout.tsx:5:1
Module not found: Can't resolve './Header'
  3 | import "./globals.css";
  4 | import Sidebar from "./Sidebar";
> 5 | import Header from "./Header";
    | ^^^^^^^^^^^^^^^^^^^^^^^^^^^^^^
  6 | import { Providers } from "./Providers";
  7 |
  8 | const inter = Inter({ subsets: ["latin"] });

https://nextjs.org/docs/messages/module-not-found 
[browser] ./src/app/layout.tsx:5:1
Module not found: Can't resolve './Header'
  3 | import "./globals.css";
  4 | import Sidebar from "./Sidebar";
> 5 | import Header from "./Header";
    | ^^^^^^^^^^^^^^^^^^^^^^^^^^^^^^
  6 | import { Providers } from "./Providers";
  7 |
  8 | const inter = Inter({ subsets: ["latin"] });

https://nextjs.org/docs/messages/module-not-found 
[browser] ./src/app/layout.tsx:5:1
Module not found: Can't resolve './Header'
  3 | import "./globals.css";
  4 | import Sidebar from "./Sidebar";
> 5 | import Header from "./Header";
    | ^^^^^^^^^^^^^^^^^^^^^^^^^^^^^^
  6 | import { Providers } from "./Providers";
  7 |
  8 | const inter = Inter({ subsets: ["latin"] });

https://nextjs.org/docs/messages/module-not-found 
[browser] ./src/app/layout.tsx:5:1
Module not found: Can't resolve './Header'
  3 | import "./globals.css";
  4 | import Sidebar from "./Sidebar";
> 5 | import Header from "./Header";
    | ^^^^^^^^^^^^^^^^^^^^^^^^^^^^^^
  6 | import { Providers } from "./Providers";
  7 |
  8 | const inter = Inter({ subsets: ["latin"] });

https://nextjs.org/docs/messages/module-not-found 
[browser] ./src/app/layout.tsx:5:1
Module not found: Can't resolve './Header'
  3 | import "./globals.css";
  4 | import Sidebar from "./Sidebar";
> 5 | import Header from "./Header";
    | ^^^^^^^^^^^^^^^^^^^^^^^^^^^^^^
  6 | import { Providers } from "./Providers";
  7 |
  8 | const inter = Inter({ subsets: ["latin"] });

https://nextjs.org/docs/messages/module-not-found 
[browser] ./src/app/layout.tsx:5:1
Module not found: Can't resolve './Header'
  3 | import "./globals.css";
  4 | import Sidebar from "./Sidebar";
> 5 | import Header from "./Header";
    | ^^^^^^^^^^^^^^^^^^^^^^^^^^^^^^
  6 | import { Providers } from "./Providers";
  7 |
  8 | const inter = Inter({ subsets: ["latin"] });

https://nextjs.org/docs/messages/module-not-found 
Persisting failed: Another write batch or compaction is already active (Only a single write operations is allowed at a time)
Compaction failed: Another write batch or compaction is already active (Only a single write operations is allowed at a time)
✓ Compiled in 799ms
The width(-1) and height(-1) of chart should be greater than 0,
       please check the style of container, or the props width(100%) and height(80%),
       or add a minWidth(0) or minHeight(undefined) or use aspect(undefined) to control the
       height and width.
 GET /airflow 200 in 406ms (next.js: 147ms, application-code: 258ms)
Persisting failed: Another write batch or compaction is already active (Only a single write operations is allowed at a time)
Compaction failed: Another write batch or compaction is already active (Only a single write operations is allowed at a time)
[browser] The width(-1) and height(-1) of chart should be greater than 0,
       please check the style of container, or the props width(100%) and height(80%),
       or add a minWidth(0) or minHeight(undefined) or use aspect(undefined) to control the
       height and width.
[browser] The width(-1) and height(-1) of chart should be greater than 0,
       please check the style of container, or the props width(100%) and height(80%),
       or add a minWidth(0) or minHeight(undefined) or use aspect(undefined) to control the
       height and width.
✓ Compiled in 1378ms
The width(-1) and height(-1) of chart should be greater than 0,
       please check the style of container, or the props width(100%) and height(80%),
       or add a minWidth(0) or minHeight(undefined) or use aspect(undefined) to control the
       height and width.
 GET /airflow 200 in 380ms (next.js: 111ms, application-code: 269ms)
 GET /airflow 200 in 1843ms (next.js: 1112ms, application-code: 731ms)
The width(-1) and height(-1) of chart should be greater than 0,
       please check the style of container, or the props width(100%) and height(80%),
       or add a minWidth(0) or minHeight(undefined) or use aspect(undefined) to control the
       height and width.
 GET /airflow 200 in 118ms (next.js: 4ms, application-code: 114ms)
 GET /airflow 200 in 569ms (next.js: 80ms, application-code: 489ms)
 GET /airflow 200 in 93ms (next.js: 11ms, application-code: 82ms)
 GET /airflow 200 in 255ms (next.js: 5ms, application-code: 250ms)
[browser] The width(-1) and height(-1) of chart should be greater than 0,
       please check the style of container, or the props width(100%) and height(80%),
       or add a minWidth(0) or minHeight(undefined) or use aspect(undefined) to control the
       height and width.
[browser] The width(-1) and height(-1) of chart should be greater than 0,
       please check the style of container, or the props width(100%) and height(80%),
       or add a minWidth(0) or minHeight(undefined) or use aspect(undefined) to control the
       height and width.
Persisting failed: Another write batch or compaction is already active (Only a single write operations is allowed at a time)
Compaction failed: Another write batch or compaction is already active (Only a single write operations is allowed at a time)
 GET /operations 200 in 95ms (next.js: 53ms, application-code: 42ms)
Persisting failed: Another write batch or compaction is already active (Only a single write operations is allowed at a time)
Compaction failed: Another write batch or compaction is already active (Only a single write operations is allowed at a time)
 GET /github 200 in 60ms (next.js: 34ms, application-code: 25ms)
[browser] The width(-1) and height(-1) of chart should be greater than 0,
       please check the style of container, or the props width(100%) and height(100%),
       or add a minWidth(0) or minHeight(undefined) or use aspect(undefined) to control the
       height and width.
[browser] The width(-1) and height(-1) of chart should be greater than 0,
       please check the style of container, or the props width(100%) and height(100%),
       or add a minWidth(0) or minHeight(undefined) or use aspect(undefined) to control the
       height and width.
Persisting failed: Another write batch or compaction is already active (Only a single write operations is allowed at a time)
Compaction failed: Another write batch or compaction is already active (Only a single write operations is allowed at a time)
✓ Compiled in 208ms
Persisting failed: Another write batch or compaction is already active (Only a single write operations is allowed at a time)
Compaction failed: Another write batch or compaction is already active (Only a single write operations is allowed at a time)
 GET /github/repositories 200 in 1463ms (next.js: 1428ms, application-code: 35ms)
Persisting failed: Another write batch or compaction is already active (Only a single write operations is allowed at a time)
Compaction failed: Another write batch or compaction is already active (Only a single write operations is allowed at a time)
 GET /github/repositories/analytics 404 in 56ms (next.js: 33ms, application-code: 23ms)
 GET /github/repositories/analytics 404 in 50ms (next.js: 7ms, application-code: 43ms)
Persisting failed: Another write batch or compaction is already active (Only a single write operations is allowed at a time)
 GET /github/repositories 200 in 95ms (next.js: 11ms, application-code: 84ms)
Persisting failed: Another write batch or compaction is already active (Only a single write operations is allowed at a time)
Compaction failed: Another write batch or compaction is already active (Only a single write operations is allowed at a time)
 GET /pull-requests 200 in 749ms (next.js: 714ms, application-code: 35ms)
Persisting failed: Another write batch or compaction is already active (Only a single write operations is allowed at a time)
Compaction failed: Another write batch or compaction is already active (Only a single write operations is allowed at a time)
 GET /airflow 200 in 94ms (next.js: 24ms, application-code: 70ms)
[browser] The width(-1) and height(-1) of chart should be greater than 0,
       please check the style of container, or the props width(100%) and height(80%),
       or add a minWidth(0) or minHeight(undefined) or use aspect(undefined) to control the
       height and width.
[browser] The width(-1) and height(-1) of chart should be greater than 0,
       please check the style of container, or the props width(100%) and height(80%),
       or add a minWidth(0) or minHeight(undefined) or use aspect(undefined) to control the
       height and width.
Persisting failed: Another write batch or compaction is already active (Only a single write operations is allowed at a time)
Compaction failed: Another write batch or compaction is already active (Only a single write operations is allowed at a time)
 GET /pipeline-health 200 in 55ms (next.js: 35ms, application-code: 20ms)
[browser] The width(-1) and height(-1) of chart should be greater than 0,
       please check the style of container, or the props width(100%) and height(100%),
       or add a minWidth(0) or minHeight(undefined) or use aspect(undefined) to control the
       height and width.
[browser] The width(-1) and height(-1) of chart should be greater than 0,
       please check the style of container, or the props width(100%) and height(100%),
       or add a minWidth(0) or minHeight(undefined) or use aspect(undefined) to control the
       height and width.
 GET /failures 200 in 34ms (next.js: 18ms, application-code: 17ms)
Persisting failed: Another write batch or compaction is already active (Only a single write operations is allowed at a time)
 GET /executive 200 in 72ms (next.js: 39ms, application-code: 32ms)
[browser] The width(-1) and height(-1) of chart should be greater than 0,
       please check the style of container, or the props width(100%) and height(100%),
       or add a minWidth(0) or minHeight(undefined) or use aspect(undefined) to control the
       height and width.
[browser] The width(-1) and height(-1) of chart should be greater than 0,
       please check the style of container, or the props width(100%) and height(100%),
       or add a minWidth(0) or minHeight(undefined) or use aspect(undefined) to control the
       height and width.
[browser] The width(-1) and height(-1) of chart should be greater than 0,
       please check the style of container, or the props width(100%) and height(100%),
       or add a minWidth(0) or minHeight(undefined) or use aspect(undefined) to control the
       height and width.
[browser] The width(-1) and height(-1) of chart should be greater than 0,
       please check the style of container, or the props width(100%) and height(100%),
       or add a minWidth(0) or minHeight(undefined) or use aspect(undefined) to control the
       height and width.
Persisting failed: Another write batch or compaction is already active (Only a single write operations is allowed at a time)
Compaction failed: Another write batch or compaction is already active (Only a single write operations is allowed at a time)
 GET /ownership 200 in 75ms (next.js: 48ms, application-code: 27ms)
[browser] The width(-1) and height(-1) of chart should be greater than 0,
       please check the style of container, or the props width(100%) and height(100%),
       or add a minWidth(0) or minHeight(undefined) or use aspect(undefined) to control the
       height and width.
[browser] The width(-1) and height(-1) of chart should be greater than 0,
       please check the style of container, or the props width(100%) and height(100%),
       or add a minWidth(0) or minHeight(undefined) or use aspect(undefined) to control the
       height and width.
 GET /lineage 200 in 60ms (next.js: 45ms, application-code: 15ms)
Persisting failed: Another write batch or compaction is already active (Only a single write operations is allowed at a time)
 GET /dbt 200 in 70ms (next.js: 43ms, application-code: 27ms)
Persisting failed: Another write batch or compaction is already active (Only a single write operations is allowed at a time)
Compaction failed: Another write batch or compaction is already active (Only a single write operations is allowed at a time)
 GET /alerts 200 in 57ms (next.js: 33ms, application-code: 23ms)
Persisting failed: Another write batch or compaction is already active (Only a single write operations is allowed at a time)
Compaction failed: Another write batch or compaction is already active (Only a single write operations is allowed at a time)
 GET /contracts 200 in 56ms (next.js: 39ms, application-code: 17ms)
Persisting failed: Another write batch or compaction is already active (Only a single write operations is allowed at a time)
 GET /alerts 200 in 45ms (next.js: 12ms, application-code: 34ms)
 GET /dbt 200 in 34ms (next.js: 5ms, application-code: 29ms)
 GET /lineage 200 in 14ms (next.js: 4ms, application-code: 10ms)
 GET /ownership 200 in 23ms (next.js: 4ms, application-code: 18ms)
[browser] The width(-1) and height(-1) of chart should be greater than 0,
       please check the style of container, or the props width(100%) and height(100%),
       or add a minWidth(0) or minHeight(undefined) or use aspect(undefined) to control the
       height and width.
[browser] The width(-1) and height(-1) of chart should be greater than 0,
       please check the style of container, or the props width(100%) and height(100%),
       or add a minWidth(0) or minHeight(undefined) or use aspect(undefined) to control the
       height and width.
Compaction failed: Another write batch or compaction is already active (Only a single write operations is allowed at a time)
 GET /teams 200 in 74ms (next.js: 44ms, application-code: 30ms)
 GET /runbooks 200 in 43ms (next.js: 30ms, application-code: 14ms)
 GET /incidents 200 in 43ms (next.js: 17ms, application-code: 25ms)
Persisting failed: Another write batch or compaction is already active (Only a single write operations is allowed at a time)
 GET /operations 200 in 37ms (next.js: 13ms, application-code: 25ms)
Persisting failed: Another write batch or compaction is already active (Only a single write operations is allowed at a time)
 GET /github 200 in 27ms (next.js: 7ms, application-code: 20ms)
[browser] The width(-1) and height(-1) of chart should be greater than 0,
       please check the style of container, or the props width(100%) and height(100%),
       or add a minWidth(0) or minHeight(undefined) or use aspect(undefined) to control the
       height and width.
[browser] The width(-1) and height(-1) of chart should be greater than 0,
       please check the style of container, or the props width(100%) and height(100%),
       or add a minWidth(0) or minHeight(undefined) or use aspect(undefined) to control the
       height and width.
 GET /pull-requests 200 in 38ms (next.js: 12ms, application-code: 27ms)
 GET /github 200 in 37ms (next.js: 5ms, application-code: 33ms)
[browser] The width(-1) and height(-1) of chart should be greater than 0,
       please check the style of container, or the props width(100%) and height(100%),
       or add a minWidth(0) or minHeight(undefined) or use aspect(undefined) to control the
       height and width.
[browser] The width(-1) and height(-1) of chart should be greater than 0,
       please check the style of container, or the props width(100%) and height(100%),
       or add a minWidth(0) or minHeight(undefined) or use aspect(undefined) to control the
       height and width.
 GET /airflow 200 in 24ms (next.js: 6ms, application-code: 19ms)
[browser] The width(-1) and height(-1) of chart should be greater than 0,
       please check the style of container, or the props width(100%) and height(80%),
       or add a minWidth(0) or minHeight(undefined) or use aspect(undefined) to control the
       height and width.
[browser] The width(-1) and height(-1) of chart should be greater than 0,
       please check the style of container, or the props width(100%) and height(80%),
       or add a minWidth(0) or minHeight(undefined) or use aspect(undefined) to control the
       height and width.
 GET /pipeline-health 200 in 20ms (next.js: 6ms, application-code: 14ms)
[browser] The width(-1) and height(-1) of chart should be greater than 0,
       please check the style of container, or the props width(100%) and height(100%),
       or add a minWidth(0) or minHeight(undefined) or use aspect(undefined) to control the
       height and width.
[browser] The width(-1) and height(-1) of chart should be greater than 0,
       please check the style of container, or the props width(100%) and height(100%),
       or add a minWidth(0) or minHeight(undefined) or use aspect(undefined) to control the
       height and width.
 GET /failures 200 in 35ms (next.js: 11ms, application-code: 24ms)
Persisting failed: Another write batch or compaction is already active (Only a single write operations is allowed at a time)
 GET /executive 200 in 24ms (next.js: 7ms, application-code: 17ms)
[browser] The width(-1) and height(-1) of chart should be greater than 0,
       please check the style of container, or the props width(100%) and height(100%),
       or add a minWidth(0) or minHeight(undefined) or use aspect(undefined) to control the
       height and width.
[browser] The width(-1) and height(-1) of chart should be greater than 0,
       please check the style of container, or the props width(100%) and height(100%),
       or add a minWidth(0) or minHeight(undefined) or use aspect(undefined) to control the
       height and width.
[browser] The width(-1) and height(-1) of chart should be greater than 0,
       please check the style of container, or the props width(100%) and height(100%),
       or add a minWidth(0) or minHeight(undefined) or use aspect(undefined) to control the
       height and width.
[browser] The width(-1) and height(-1) of chart should be greater than 0,
       please check the style of container, or the props width(100%) and height(100%),
       or add a minWidth(0) or minHeight(undefined) or use aspect(undefined) to control the
       height and width.
Compaction failed: Another write batch or compaction is already active (Only a single write operations is allowed at a time)
 GET / 200 in 70ms (next.js: 53ms, application-code: 17ms)
Persisting failed: Another write batch or compaction is already active (Only a single write operations is allowed at a time)
Compaction failed: Another write batch or compaction is already active (Only a single write operations is allowed at a time)
 GET /contracts 200 in 44ms (next.js: 10ms, application-code: 33ms)
Compaction failed: Another write batch or compaction is already active (Only a single write operations is allowed at a time)
Compaction failed: Another write batch or compaction is already active (Only a single write operations is allowed at a time)
 GET / 200 in 120ms (next.js: 33ms, application-code: 87ms)
Compaction failed: Another write batch or compaction is already active (Only a single write operations is allowed at a time)
 GET /contracts 200 in 37ms (next.js: 14ms, application-code: 23ms)
 GET /alerts 200 in 26ms (next.js: 5ms, application-code: 21ms)
 GET /dbt 200 in 31ms (next.js: 7ms, application-code: 24ms)
 GET /lineage 200 in 26ms (next.js: 9ms, application-code: 17ms)
 GET /ownership 200 in 44ms (next.js: 12ms, application-code: 32ms)
[browser] The width(-1) and height(-1) of chart should be greater than 0,
       please check the style of container, or the props width(100%) and height(100%),
       or add a minWidth(0) or minHeight(undefined) or use aspect(undefined) to control the
       height and width.
[browser] The width(-1) and height(-1) of chart should be greater than 0,
       please check the style of container, or the props width(100%) and height(100%),
       or add a minWidth(0) or minHeight(undefined) or use aspect(undefined) to control the
       height and width.
 GET /teams 200 in 20ms (next.js: 6ms, application-code: 15ms)
 GET /runbooks 200 in 52ms (next.js: 7ms, application-code: 45ms)
 GET /incidents 200 in 18ms (next.js: 4ms, application-code: 13ms)
 GET /operations 200 in 30ms (next.js: 5ms, application-code: 25ms)
 GET /github 200 in 20ms (next.js: 8ms, application-code: 13ms)
[browser] The width(-1) and height(-1) of chart should be greater than 0,
       please check the style of container, or the props width(100%) and height(100%),
       or add a minWidth(0) or minHeight(undefined) or use aspect(undefined) to control the
       height and width.
[browser] The width(-1) and height(-1) of chart should be greater than 0,
       please check the style of container, or the props width(100%) and height(100%),
       or add a minWidth(0) or minHeight(undefined) or use aspect(undefined) to control the
       height and width.
 GET /pull-requests 200 in 27ms (next.js: 4ms, application-code: 23ms)
 GET /airflow 200 in 25ms (next.js: 6ms, application-code: 19ms)
[browser] The width(-1) and height(-1) of chart should be greater than 0,
       please check the style of container, or the props width(100%) and height(80%),
       or add a minWidth(0) or minHeight(undefined) or use aspect(undefined) to control the
       height and width.
[browser] The width(-1) and height(-1) of chart should be greater than 0,
       please check the style of container, or the props width(100%) and height(80%),
       or add a minWidth(0) or minHeight(undefined) or use aspect(undefined) to control the
       height and width.
 GET /pipeline-health 200 in 37ms (next.js: 10ms, application-code: 28ms)
[browser] The width(-1) and height(-1) of chart should be greater than 0,
       please check the style of container, or the props width(100%) and height(100%),
       or add a minWidth(0) or minHeight(undefined) or use aspect(undefined) to control the
       height and width.
[browser] The width(-1) and height(-1) of chart should be greater than 0,
       please check the style of container, or the props width(100%) and height(100%),
       or add a minWidth(0) or minHeight(undefined) or use aspect(undefined) to control the
       height and width.
Compaction failed: Another write batch or compaction is already active (Only a single write operations is allowed at a time)
 GET /failures 200 in 19ms (next.js: 4ms, application-code: 15ms)
Compaction failed: Another write batch or compaction is already active (Only a single write operations is allowed at a time)
 GET /executive 200 in 28ms (next.js: 5ms, application-code: 23ms)
[browser] The width(-1) and height(-1) of chart should be greater than 0,
       please check the style of container, or the props width(100%) and height(100%),
       or add a minWidth(0) or minHeight(undefined) or use aspect(undefined) to control the
       height and width.
[browser] The width(-1) and height(-1) of chart should be greater than 0,
       please check the style of container, or the props width(100%) and height(100%),
       or add a minWidth(0) or minHeight(undefined) or use aspect(undefined) to control the
       height and width.
[browser] The width(-1) and height(-1) of chart should be greater than 0,
       please check the style of container, or the props width(100%) and height(100%),
       or add a minWidth(0) or minHeight(undefined) or use aspect(undefined) to control the
       height and width.
[browser] The width(-1) and height(-1) of chart should be greater than 0,
       please check the style of container, or the props width(100%) and height(100%),
       or add a minWidth(0) or minHeight(undefined) or use aspect(undefined) to control the
       height and width.
Compaction failed: Another write batch or compaction is already active (Only a single write operations is allowed at a time)
 GET /contracts 200 in 41ms (next.js: 14ms, application-code: 27ms)
Compaction failed: Another write batch or compaction is already active (Only a single write operations is allowed at a time)
 GET / 200 in 17ms (next.js: 4ms, application-code: 13ms)
Compaction failed: Another write batch or compaction is already active (Only a single write operations is allowed at a time)
 GET /pipeline-health 200 in 55ms (next.js: 11ms, application-code: 44ms)
[browser] The width(-1) and height(-1) of chart should be greater than 0,
       please check the style of container, or the props width(100%) and height(100%),
       or add a minWidth(0) or minHeight(undefined) or use aspect(undefined) to control the
       height and width.
[browser] The width(-1) and height(-1) of chart should be greater than 0,
       please check the style of container, or the props width(100%) and height(100%),
       or add a minWidth(0) or minHeight(undefined) or use aspect(undefined) to control the
       height and width.
 GET /failures 200 in 42ms (next.js: 7ms, application-code: 35ms)
Compaction failed: Another write batch or compaction is already active (Only a single write operations is allowed at a time)
 GET / 200 in 24ms (next.js: 5ms, application-code: 18ms)
 GET /contracts 200 in 21ms (next.js: 4ms, application-code: 17ms)
Compaction failed: Another write batch or compaction is already active (Only a single write operations is allowed at a time)
 GET / 200 in 30ms (next.js: 10ms, application-code: 20ms)
Compaction failed: Another write batch or compaction is already active (Only a single write operations is allowed at a time)
 GET /contracts 200 in 40ms (next.js: 12ms, application-code: 27ms)
 GET /alerts 200 in 26ms (next.js: 7ms, application-code: 19ms)
 GET /dbt 200 in 29ms (next.js: 5ms, application-code: 23ms)
 GET /lineage 200 in 42ms (next.js: 5ms, application-code: 37ms)
 GET /ownership 200 in 39ms (next.js: 14ms, application-code: 25ms)
[browser] The width(-1) and height(-1) of chart should be greater than 0,
       please check the style of container, or the props width(100%) and height(100%),
       or add a minWidth(0) or minHeight(undefined) or use aspect(undefined) to control the
       height and width.
[browser] The width(-1) and height(-1) of chart should be greater than 0,
       please check the style of container, or the props width(100%) and height(100%),
       or add a minWidth(0) or minHeight(undefined) or use aspect(undefined) to control the
       height and width.
 GET /teams 200 in 31ms (next.js: 7ms, application-code: 24ms)
 GET /ownership 200 in 38ms (next.js: 3ms, application-code: 35ms)
[browser] The width(-1) and height(-1) of chart should be greater than 0,
       please check the style of container, or the props width(100%) and height(100%),
       or add a minWidth(0) or minHeight(undefined) or use aspect(undefined) to control the
       height and width.
[browser] The width(-1) and height(-1) of chart should be greater than 0,
       please check the style of container, or the props width(100%) and height(100%),
       or add a minWidth(0) or minHeight(undefined) or use aspect(undefined) to control the
       height and width.
Compaction failed: Another write batch or compaction is already active (Only a single write operations is allowed at a time)
Compaction failed: Another write batch or compaction is already active (Only a single write operations is allowed at a time)
✓ Compiled in 413ms
 GET /ownership 200 in 181ms (next.js: 120ms, application-code: 61ms)
 GET /ownership 200 in 26ms (next.js: 2ms, application-code: 23ms)
✓ Compiled in 416ms
 GET /ownership 200 in 143ms (next.js: 104ms, application-code: 38ms)
 GET /ownership 200 in 18ms (next.js: 1287µs, application-code: 17ms)
Persisting failed: Another write batch or compaction is already active (Only a single write operations is allowed at a time)
Compaction failed: Another write batch or compaction is already active (Only a single write operations is allowed at a time)
✓ Compiled in 574ms
 GET /ownership 200 in 214ms (next.js: 112ms, application-code: 102ms)
 GET /ownership 200 in 68ms (next.js: 5ms, application-code: 64ms)
 GET /ownership 200 in 19ms (next.js: 2ms, application-code: 17ms)
✓ Compiled in 453ms
 GET /ownership 200 in 165ms (next.js: 97ms, application-code: 68ms)
 GET /ownership 200 in 30ms (next.js: 1183µs, application-code: 29ms)
 GET /ownership 200 in 14ms (next.js: 1550µs, application-code: 12ms)
Persisting failed: Another write batch or compaction is already active (Only a single write operations is allowed at a time)
Compaction failed: Another write batch or compaction is already active (Only a single write operations is allowed at a time)
✓ Compiled in 258ms
 GET /ownership 200 in 138ms (next.js: 85ms, application-code: 54ms)
 GET /ownership 200 in 23ms (next.js: 2ms, application-code: 20ms)
✓ Compiled in 149ms
Persisting failed: Another write batch or compaction is already active (Only a single write operations is allowed at a time)
Compaction failed: Another write batch or compaction is already active (Only a single write operations is allowed at a time)
✓ Compiled in 433ms
 GET /ownership 200 in 210ms (next.js: 124ms, application-code: 86ms)
 GET /ownership 200 in 48ms (next.js: 1471µs, application-code: 47ms)
 GET /ownership 200 in 25ms (next.js: 2ms, application-code: 23ms)
Persisting failed: Another write batch or compaction is already active (Only a single write operations is allowed at a time)
Compaction failed: Another write batch or compaction is already active (Only a single write operations is allowed at a time)
[browser] The width(-1) and height(-1) of chart should be greater than 0,
       please check the style of container, or the props width(100%) and height(100%),
       or add a minWidth(0) or minHeight(undefined) or use aspect(undefined) to control the
       height and width.
[browser] The width(-1) and height(-1) of chart should be greater than 0,
       please check the style of container, or the props width(100%) and height(100%),
       or add a minWidth(0) or minHeight(undefined) or use aspect(undefined) to control the
       height and width.
 GET /ownership 200 in 465ms (next.js: 38ms, application-code: 427ms)
[browser] The width(-1) and height(-1) of chart should be greater than 0,
       please check the style of container, or the props width(100%) and height(100%),
       or add a minWidth(0) or minHeight(undefined) or use aspect(undefined) to control the
       height and width.
[browser] The width(-1) and height(-1) of chart should be greater than 0,
       please check the style of container, or the props width(100%) and height(100%),
       or add a minWidth(0) or minHeight(undefined) or use aspect(undefined) to control the
       height and width.
Persisting failed: Another write batch or compaction is already active (Only a single write operations is allowed at a time)
Compaction failed: Another write batch or compaction is already active (Only a single write operations is allowed at a time)
 GET /ownership 200 in 145ms (next.js: 106ms, application-code: 39ms)
 GET /ownership 200 in 99ms (next.js: 50ms, application-code: 49ms)
Persisting failed: Another write batch or compaction is already active (Only a single write operations is allowed at a time)
Compaction failed: Another write batch or compaction is already active (Only a single write operations is allowed at a time)
 GET /dbt 200 in 96ms (next.js: 73ms, application-code: 23ms)
Persisting failed: Another write batch or compaction is already active (Only a single write operations is allowed at a time)
Compaction failed: Another write batch or compaction is already active (Only a single write operations is allowed at a time)
 GET /pipeline-health 200 in 55ms (next.js: 31ms, application-code: 25ms)
[browser] The width(-1) and height(-1) of chart should be greater than 0,
       please check the style of container, or the props width(100%) and height(100%),
       or add a minWidth(0) or minHeight(undefined) or use aspect(undefined) to control the
       height and width.
[browser] The width(-1) and height(-1) of chart should be greater than 0,
       please check the style of container, or the props width(100%) and height(100%),
       or add a minWidth(0) or minHeight(undefined) or use aspect(undefined) to control the
       height and width.
 GET /failures 200 in 84ms (next.js: 36ms, application-code: 48ms)
Persisting failed: Another write batch or compaction is already active (Only a single write operations is allowed at a time)
 GET /executive 200 in 86ms (next.js: 54ms, application-code: 32ms)
[browser] The width(-1) and height(-1) of chart should be greater than 0,
       please check the style of container, or the props width(100%) and height(100%),
       or add a minWidth(0) or minHeight(undefined) or use aspect(undefined) to control the
       height and width.
[browser] The width(-1) and height(-1) of chart should be greater than 0,
       please check the style of container, or the props width(100%) and height(100%),
       or add a minWidth(0) or minHeight(undefined) or use aspect(undefined) to control the
       height and width.
[browser] The width(-1) and height(-1) of chart should be greater than 0,
       please check the style of container, or the props width(100%) and height(100%),
       or add a minWidth(0) or minHeight(undefined) or use aspect(undefined) to control the
       height and width.
[browser] The width(-1) and height(-1) of chart should be greater than 0,
       please check the style of container, or the props width(100%) and height(100%),
       or add a minWidth(0) or minHeight(undefined) or use aspect(undefined) to control the
       height and width.
Persisting failed: Another write batch or compaction is already active (Only a single write operations is allowed at a time)
 GET /failures 200 in 22ms (next.js: 4ms, application-code: 18ms)
Compaction failed: Another write batch or compaction is already active (Only a single write operations is allowed at a time)
 GET /pipeline-health 200 in 46ms (next.js: 12ms, application-code: 33ms)
[browser] The width(-1) and height(-1) of chart should be greater than 0,
       please check the style of container, or the props width(100%) and height(100%),
       or add a minWidth(0) or minHeight(undefined) or use aspect(undefined) to control the
       height and width.
[browser] The width(-1) and height(-1) of chart should be greater than 0,
       please check the style of container, or the props width(100%) and height(100%),
       or add a minWidth(0) or minHeight(undefined) or use aspect(undefined) to control the
       height and width.
 GET /airflow 200 in 59ms (next.js: 39ms, application-code: 20ms)
[browser] The width(-1) and height(-1) of chart should be greater than 0,
       please check the style of container, or the props width(100%) and height(80%),
       or add a minWidth(0) or minHeight(undefined) or use aspect(undefined) to control the
       height and width.
[browser] The width(-1) and height(-1) of chart should be greater than 0,
       please check the style of container, or the props width(100%) and height(80%),
       or add a minWidth(0) or minHeight(undefined) or use aspect(undefined) to control the
       height and width.
Persisting failed: Another write batch or compaction is already active (Only a single write operations is allowed at a time)
Compaction failed: Another write batch or compaction is already active (Only a single write operations is allowed at a time)
 GET /pull-requests 200 in 42ms (next.js: 24ms, application-code: 18ms)
Persisting failed: Another write batch or compaction is already active (Only a single write operations is allowed at a time)
 GET /pull-requests 200 in 16ms (next.js: 3ms, application-code: 13ms)
 GET /github 200 in 69ms (next.js: 43ms, application-code: 26ms)
Persisting failed: Another write batch or compaction is already active (Only a single write operations is allowed at a time)
Compaction failed: Another write batch or compaction is already active (Only a single write operations is allowed at a time)
 GET /operations 200 in 41ms (next.js: 21ms, application-code: 19ms)
 GET /incidents 200 in 47ms (next.js: 27ms, application-code: 19ms)
 GET /runbooks 200 in 50ms (next.js: 32ms, application-code: 18ms)
 GET /teams 200 in 77ms (next.js: 31ms, application-code: 46ms)
Persisting failed: Another write batch or compaction is already active (Only a single write operations is allowed at a time)
 GET /ownership 200 in 29ms (next.js: 5ms, application-code: 24ms)
[browser] The width(-1) and height(-1) of chart should be greater than 0,
       please check the style of container, or the props width(100%) and height(100%),
       or add a minWidth(0) or minHeight(undefined) or use aspect(undefined) to control the
       height and width.
[browser] The width(-1) and height(-1) of chart should be greater than 0,
       please check the style of container, or the props width(100%) and height(100%),
       or add a minWidth(0) or minHeight(undefined) or use aspect(undefined) to control the
       height and width.
 GET /contracts 200 in 56ms (next.js: 39ms, application-code: 18ms)
 GET /alerts 200 in 49ms (next.js: 31ms, application-code: 18ms)
Persisting failed: Another write batch or compaction is already active (Only a single write operations is allowed at a time)
Compaction failed: Another write batch or compaction is already active (Only a single write operations is allowed at a time)
Compaction failed: Another write batch or compaction is already active (Only a single write operations is allowed at a time)
 GET /ownership 200 in 95ms (next.js: 33ms, application-code: 62ms)
[browser] The width(-1) and height(-1) of chart should be greater than 0,
       please check the style of container, or the props width(100%) and height(100%),
       or add a minWidth(0) or minHeight(undefined) or use aspect(undefined) to control the
       height and width.
[browser] The width(-1) and height(-1) of chart should be greater than 0,
       please check the style of container, or the props width(100%) and height(100%),
       or add a minWidth(0) or minHeight(undefined) or use aspect(undefined) to control the
       height and width.
 GET /teams 200 in 28ms (next.js: 5ms, application-code: 23ms)
Compaction failed: Another write batch or compaction is already active (Only a single write operations is allowed at a time)
 GET /runbooks 200 in 33ms (next.js: 9ms, application-code: 23ms)
 GET /incidents 200 in 28ms (next.js: 5ms, application-code: 23ms)
Compaction failed: Another write batch or compaction is already active (Only a single write operations is allowed at a time)
 GET /runbooks/rb-001 200 in 3.5s (next.js: 3.4s, application-code: 51ms)
 GET /runbooks/rb-001 200 in 43ms (next.js: 7ms, application-code: 36ms)
 GET /runbooks/rb-001 200 in 17ms (next.js: 2ms, application-code: 15ms)
Persisting failed: Another write batch or compaction is already active (Only a single write operations is allowed at a time)
Compaction failed: Another write batch or compaction is already active (Only a single write operations is allowed at a time)
 GET /dbt 200 in 43ms (next.js: 10ms, application-code: 33ms)
Compaction failed: Another write batch or compaction is already active (Only a single write operations is allowed at a time)
 GET /lineage 200 in 46ms (next.js: 33ms, application-code: 13ms)
 GET /settings 200 in 63ms (next.js: 40ms, application-code: 24ms)
Persisting failed: Another write batch or compaction is already active (Only a single write operations is allowed at a time)
Compaction failed: Another write batch or compaction is already active (Only a single write operations is allowed at a time)
 GET /github 200 in 79ms (next.js: 11ms, application-code: 68ms)
 GET /operations 200 in 37ms (next.js: 8ms, application-code: 29ms)
 GET /github 200 in 19ms (next.js: 3ms, application-code: 16ms)
Compaction failed: Another write batch or compaction is already active (Only a single write operations is allowed at a time)
 GET /contracts 200 in 63ms (next.js: 5ms, application-code: 59ms)
 GET /alerts 200 in 23ms (next.js: 5ms, application-code: 19ms)
 GET /dbt 200 in 18ms (next.js: 4ms, application-code: 15ms)
 GET /lineage 200 in 22ms (next.js: 4ms, application-code: 18ms)
 GET /ownership 200 in 18ms (next.js: 4ms, application-code: 14ms)
[browser] The width(-1) and height(-1) of chart should be greater than 0,
       please check the style of container, or the props width(100%) and height(100%),
       or add a minWidth(0) or minHeight(undefined) or use aspect(undefined) to control the
       height and width.
[browser] The width(-1) and height(-1) of chart should be greater than 0,
       please check the style of container, or the props width(100%) and height(100%),
       or add a minWidth(0) or minHeight(undefined) or use aspect(undefined) to control the
       height and width.
 GET /teams 200 in 22ms (next.js: 5ms, application-code: 18ms)
 GET /incidents 200 in 16ms (next.js: 5ms, application-code: 11ms)
 GET /runbooks 200 in 25ms (next.js: 5ms, application-code: 20ms)
Compaction failed: Another write batch or compaction is already active (Only a single write operations is allowed at a time)
Persisting failed: Another write batch or compaction is already active (Only a single write operations is allowed at a time)
Compaction failed: Another write batch or compaction is already active (Only a single write operations is allowed at a time)
Compaction failed: Another write batch or compaction is already active (Only a single write operations is allowed at a time)
Compaction failed: Another write batch or compaction is already active (Only a single write operations is allowed at a time)
Compaction failed: Another write batch or compaction is already active (Only a single write operations is allowed at a time)
Compaction failed: Another write batch or compaction is already active (Only a single write operations is allowed at a time)
Compaction failed: Another write batch or compaction is already active (Only a single write operations is allowed at a time)
 GET / 200 in 567ms (next.js: 408ms, application-code: 159ms)
Persisting failed: Another write batch or compaction is already active (Only a single write operations is allowed at a time)
Compaction failed: Another write batch or compaction is already active (Only a single write operations is allowed at a time)
Compaction failed: Another write batch or compaction is already active (Only a single write operations is allowed at a time)
Compaction failed: Another write batch or compaction is already active (Only a single write operations is allowed at a time)
Compaction failed: Another write batch or compaction is already active (Only a single write operations is allowed at a time)
Compaction failed: Another write batch or compaction is already active (Only a single write operations is allowed at a time)
 GET /contracts 200 in 180ms (next.js: 83ms, application-code: 97ms)
 GET /alerts 200 in 64ms (next.js: 26ms, application-code: 38ms)
 GET /dbt 200 in 354ms (next.js: 141ms, application-code: 214ms)
 GET /lineage 200 in 352ms (next.js: 144ms, application-code: 208ms)
 GET /ownership 200 in 333ms (next.js: 278ms, application-code: 55ms)
[browser] The width(-1) and height(-1) of chart should be greater than 0,
       please check the style of container, or the props width(100%) and height(100%),
       or add a minWidth(0) or minHeight(undefined) or use aspect(undefined) to control the
       height and width.
[browser] The width(-1) and height(-1) of chart should be greater than 0,
       please check the style of container, or the props width(100%) and height(100%),
       or add a minWidth(0) or minHeight(undefined) or use aspect(undefined) to control the
       height and width.
 GET /teams 200 in 48ms (next.js: 15ms, application-code: 33ms)
Compaction failed: Another write batch or compaction is already active (Only a single write operations is allowed at a time)
 GET / 200 in 76ms (next.js: 15ms, application-code: 61ms)
 GET /contracts 200 in 64ms (next.js: 23ms, application-code: 42ms)
 GET /alerts 200 in 41ms (next.js: 8ms, application-code: 33ms)
 GET /dbt 200 in 35ms (next.js: 7ms, application-code: 29ms)
 GET /lineage 200 in 50ms (next.js: 9ms, application-code: 41ms)
 GET /ownership 200 in 36ms (next.js: 9ms, application-code: 28ms)
[browser] The width(-1) and height(-1) of chart should be greater than 0,
       please check the style of container, or the props width(100%) and height(100%),
       or add a minWidth(0) or minHeight(undefined) or use aspect(undefined) to control the
       height and width.
[browser] The width(-1) and height(-1) of chart should be greater than 0,
       please check the style of container, or the props width(100%) and height(100%),
       or add a minWidth(0) or minHeight(undefined) or use aspect(undefined) to control the
       height and width.
 GET /teams 200 in 31ms (next.js: 6ms, application-code: 25ms)
 GET /runbooks 200 in 47ms (next.js: 17ms, application-code: 30ms)
Compaction failed: Another write batch or compaction is already active (Only a single write operations is allowed at a time)
 GET /incidents 200 in 146ms (next.js: 23ms, application-code: 123ms)
Compaction failed: Another write batch or compaction is already active (Only a single write operations is allowed at a time)
 GET /operations 200 in 44ms (next.js: 15ms, application-code: 29ms)
 GET /github 200 in 38ms (next.js: 19ms, application-code: 19ms)
Compaction failed: Another write batch or compaction is already active (Only a single write operations is allowed at a time)
 GET /pull-requests 200 in 48ms (next.js: 28ms, application-code: 20ms)
 GET /airflow 200 in 44ms (next.js: 27ms, application-code: 17ms)
[browser] The width(-1) and height(-1) of chart should be greater than 0,
       please check the style of container, or the props width(100%) and height(80%),
       or add a minWidth(0) or minHeight(undefined) or use aspect(undefined) to control the
       height and width.
[browser] The width(-1) and height(-1) of chart should be greater than 0,
       please check the style of container, or the props width(100%) and height(80%),
       or add a minWidth(0) or minHeight(undefined) or use aspect(undefined) to control the
       height and width.
Compaction failed: Another write batch or compaction is already active (Only a single write operations is allowed at a time)
 GET /pipeline-health 200 in 46ms (next.js: 26ms, application-code: 20ms)
[browser] The width(-1) and height(-1) of chart should be greater than 0,
       please check the style of container, or the props width(100%) and height(100%),
       or add a minWidth(0) or minHeight(undefined) or use aspect(undefined) to control the
       height and width.
[browser] The width(-1) and height(-1) of chart should be greater than 0,
       please check the style of container, or the props width(100%) and height(100%),
       or add a minWidth(0) or minHeight(undefined) or use aspect(undefined) to control the
       height and width.
 GET /failures 200 in 49ms (next.js: 26ms, application-code: 23ms)
 GET /executive 200 in 51ms (next.js: 36ms, application-code: 15ms)
[browser] The width(-1) and height(-1) of chart should be greater than 0,
       please check the style of container, or the props width(100%) and height(100%),
       or add a minWidth(0) or minHeight(undefined) or use aspect(undefined) to control the
       height and width.
[browser] The width(-1) and height(-1) of chart should be greater than 0,
       please check the style of container, or the props width(100%) and height(100%),
       or add a minWidth(0) or minHeight(undefined) or use aspect(undefined) to control the
       height and width.
[browser] The width(-1) and height(-1) of chart should be greater than 0,
       please check the style of container, or the props width(100%) and height(100%),
       or add a minWidth(0) or minHeight(undefined) or use aspect(undefined) to control the
       height and width.
[browser] The width(-1) and height(-1) of chart should be greater than 0,
       please check the style of container, or the props width(100%) and height(100%),
       or add a minWidth(0) or minHeight(undefined) or use aspect(undefined) to control the
       height and width.
Compaction failed: Another write batch or compaction is already active (Only a single write operations is allowed at a time)
 GET / 200 in 22ms (next.js: 6ms, application-code: 16ms)
Compaction failed: Another write batch or compaction is already active (Only a single write operations is allowed at a time)
Compaction failed: Another write batch or compaction is already active (Only a single write operations is allowed at a time)
Compaction failed: Another write batch or compaction is already active (Only a single write operations is allowed at a time)
 GET /alerts 200 in 90ms (next.js: 38ms, application-code: 52ms)
Compaction failed: Another write batch or compaction is already active (Only a single write operations is allowed at a time)
 GET /dbt 200 in 27ms (next.js: 5ms, application-code: 22ms)
 GET /lineage 200 in 30ms (next.js: 12ms, application-code: 17ms)
Compaction failed: Another write batch or compaction is already active (Only a single write operations is allowed at a time)
 GET /ownership 200 in 52ms (next.js: 21ms, application-code: 31ms)
[browser] The width(-1) and height(-1) of chart should be greater than 0,
       please check the style of container, or the props width(100%) and height(100%),
       or add a minWidth(0) or minHeight(undefined) or use aspect(undefined) to control the
       height and width.
[browser] The width(-1) and height(-1) of chart should be greater than 0,
       please check the style of container, or the props width(100%) and height(100%),
       or add a minWidth(0) or minHeight(undefined) or use aspect(undefined) to control the
       height and width.
 GET /teams 200 in 41ms (next.js: 6ms, application-code: 35ms)
 GET /runbooks 200 in 32ms (next.js: 6ms, application-code: 25ms)
Compaction failed: Another write batch or compaction is already active (Only a single write operations is allowed at a time)
 GET /incidents 200 in 28ms (next.js: 11ms, application-code: 17ms)
 GET /operations 200 in 40ms (next.js: 13ms, application-code: 27ms)
Compaction failed: Another write batch or compaction is already active (Only a single write operations is allowed at a time)
 GET /github 200 in 44ms (next.js: 7ms, application-code: 37ms)
 GET /pull-requests 200 in 32ms (next.js: 6ms, application-code: 26ms)
 GET /airflow 200 in 30ms (next.js: 8ms, application-code: 22ms)
[browser] The width(-1) and height(-1) of chart should be greater than 0,
       please check the style of container, or the props width(100%) and height(80%),
       or add a minWidth(0) or minHeight(undefined) or use aspect(undefined) to control the
       height and width.
[browser] The width(-1) and height(-1) of chart should be greater than 0,
       please check the style of container, or the props width(100%) and height(80%),
       or add a minWidth(0) or minHeight(undefined) or use aspect(undefined) to control the
       height and width.
Compaction failed: Another write batch or compaction is already active (Only a single write operations is allowed at a time)
 GET /pipeline-health 200 in 44ms (next.js: 16ms, application-code: 28ms)
[browser] The width(-1) and height(-1) of chart should be greater than 0,
       please check the style of container, or the props width(100%) and height(100%),
       or add a minWidth(0) or minHeight(undefined) or use aspect(undefined) to control the
       height and width.
[browser] The width(-1) and height(-1) of chart should be greater than 0,
       please check the style of container, or the props width(100%) and height(100%),
       or add a minWidth(0) or minHeight(undefined) or use aspect(undefined) to control the
       height and width.
 GET /failures 200 in 45ms (next.js: 27ms, application-code: 18ms)
Compaction failed: Another write batch or compaction is already active (Only a single write operations is allowed at a time)
 GET /pipeline-health 200 in 60ms (next.js: 18ms, application-code: 42ms)
[browser] The width(-1) and height(-1) of chart should be greater than 0,
       please check the style of container, or the props width(100%) and height(100%),
       or add a minWidth(0) or minHeight(undefined) or use aspect(undefined) to control the
       height and width.
[browser] The width(-1) and height(-1) of chart should be greater than 0,
       please check the style of container, or the props width(100%) and height(100%),
       or add a minWidth(0) or minHeight(undefined) or use aspect(undefined) to control the
       height and width.
 GET /airflow 200 in 17ms (next.js: 5ms, application-code: 11ms)
[browser] The width(-1) and height(-1) of chart should be greater than 0,
       please check the style of container, or the props width(100%) and height(80%),
       or add a minWidth(0) or minHeight(undefined) or use aspect(undefined) to control the
       height and width.
[browser] The width(-1) and height(-1) of chart should be greater than 0,
       please check the style of container, or the props width(100%) and height(80%),
       or add a minWidth(0) or minHeight(undefined) or use aspect(undefined) to control the
       height and width.
Compaction failed: Another write batch or compaction is already active (Only a single write operations is allowed at a time)
 GET /pipeline-health 200 in 34ms (next.js: 9ms, application-code: 26ms)
[browser] The width(-1) and height(-1) of chart should be greater than 0,
       please check the style of container, or the props width(100%) and height(100%),
       or add a minWidth(0) or minHeight(undefined) or use aspect(undefined) to control the
       height and width.
[browser] The width(-1) and height(-1) of chart should be greater than 0,
       please check the style of container, or the props width(100%) and height(100%),
       or add a minWidth(0) or minHeight(undefined) or use aspect(undefined) to control the
       height and width.
Compaction failed: Another write batch or compaction is already active (Only a single write operations is allowed at a time)
 GET /airflow 200 in 16ms (next.js: 6ms, application-code: 10ms)
[browser] The width(-1) and height(-1) of chart should be greater than 0,
       please check the style of container, or the props width(100%) and height(80%),
       or add a minWidth(0) or minHeight(undefined) or use aspect(undefined) to control the
       height and width.
[browser] The width(-1) and height(-1) of chart should be greater than 0,
       please check the style of container, or the props width(100%) and height(80%),
       or add a minWidth(0) or minHeight(undefined) or use aspect(undefined) to control the
       height and width.
Compaction failed: Another write batch or compaction is already active (Only a single write operations is allowed at a time)
 GET /lineage 200 in 47ms (next.js: 13ms, application-code: 33ms)
Compaction failed: Another write batch or compaction is already active (Only a single write operations is allowed at a time)
 GET /lineage/graph 200 in 222ms (next.js: 208ms, application-code: 14ms)
Persisting failed: Another write batch or compaction is already active (Only a single write operations is allowed at a time)
Compaction failed: Another write batch or compaction is already active (Only a single write operations is allowed at a time)
 GET / 200 in 37ms (next.js: 12ms, application-code: 25ms)
 GET /contracts 200 in 49ms (next.js: 9ms, application-code: 40ms)
 GET /alerts 200 in 29ms (next.js: 7ms, application-code: 22ms)
Compaction failed: Another write batch or compaction is already active (Only a single write operations is allowed at a time)
 GET /dbt 200 in 26ms (next.js: 4ms, application-code: 21ms)
Compaction failed: Another write batch or compaction is already active (Only a single write operations is allowed at a time)
 GET /lineage 200 in 46ms (next.js: 13ms, application-code: 33ms)
Compaction failed: Another write batch or compaction is already active (Only a single write operations is allowed at a time)
Compaction failed: Another write batch or compaction is already active (Only a single write operations is allowed at a time)
Compaction failed: Another write batch or compaction is already active (Only a single write operations is allowed at a time)
Compaction failed: Another write batch or compaction is already active (Only a single write operations is allowed at a time)
 GET /lineage/graph 200 in 86ms (next.js: 37ms, application-code: 49ms)
Compaction failed: Another write batch or compaction is already active (Only a single write operations is allowed at a time)
Compaction failed: Another write batch or compaction is already active (Only a single write operations is allowed at a time)
Compaction failed: Another write batch or compaction is already active (Only a single write operations is allowed at a time)
 GET /settings 200 in 78ms (next.js: 28ms, application-code: 50ms)
Compaction failed: Another write batch or compaction is already active (Only a single write operations is allowed at a time)
 GET /contracts 200 in 53ms (next.js: 15ms, application-code: 37ms)
 GET / 200 in 30ms (next.js: 8ms, application-code: 22ms)
Compaction failed: Another write batch or compaction is already active (Only a single write operations is allowed at a time)
 GET /contracts 200 in 51ms (next.js: 9ms, application-code: 42ms)
 GET /alerts 200 in 29ms (next.js: 5ms, application-code: 24ms)
 GET /dbt 200 in 27ms (next.js: 8ms, application-code: 19ms)
 GET /lineage 200 in 30ms (next.js: 5ms, application-code: 24ms)
 GET /ownership 200 in 21ms (next.js: 6ms, application-code: 15ms)
[browser] The width(-1) and height(-1) of chart should be greater than 0,
       please check the style of container, or the props width(100%) and height(100%),
       or add a minWidth(0) or minHeight(undefined) or use aspect(undefined) to control the
       height and width.
[browser] The width(-1) and height(-1) of chart should be greater than 0,
       please check the style of container, or the props width(100%) and height(100%),
       or add a minWidth(0) or minHeight(undefined) or use aspect(undefined) to control the
       height and width.
Compaction failed: Another write batch or compaction is already active (Only a single write operations is allowed at a time)
 GET /teams 200 in 44ms (next.js: 14ms, application-code: 31ms)
 GET /ownership 200 in 35ms (next.js: 7ms, application-code: 29ms)
[browser] The width(-1) and height(-1) of chart should be greater than 0,
       please check the style of container, or the props width(100%) and height(100%),
       or add a minWidth(0) or minHeight(undefined) or use aspect(undefined) to control the
       height and width.
[browser] The width(-1) and height(-1) of chart should be greater than 0,
       please check the style of container, or the props width(100%) and height(100%),
       or add a minWidth(0) or minHeight(undefined) or use aspect(undefined) to control the
       height and width.
Compaction failed: Another write batch or compaction is already active (Only a single write operations is allowed at a time)
 GET /lineage 200 in 39ms (next.js: 9ms, application-code: 30ms)
 GET /ownership 200 in 30ms (next.js: 7ms, application-code: 23ms)
[browser] The width(-1) and height(-1) of chart should be greater than 0,
       please check the style of container, or the props width(100%) and height(100%),
       or add a minWidth(0) or minHeight(undefined) or use aspect(undefined) to control the
       height and width.
[browser] The width(-1) and height(-1) of chart should be greater than 0,
       please check the style of container, or the props width(100%) and height(100%),
       or add a minWidth(0) or minHeight(undefined) or use aspect(undefined) to control the
       height and width.
Compaction failed: Another write batch or compaction is already active (Only a single write operations is allowed at a time)
 GET /settings 200 in 37ms (next.js: 13ms, application-code: 24ms)
 GET / 200 in 62ms (next.js: 22ms, application-code: 41ms)
Compaction failed: Another write batch or compaction is already active (Only a single write operations is allowed at a time)
Compaction failed: Another write batch or compaction is already active (Only a single write operations is allowed at a time)
Compaction failed: Another write batch or compaction is already active (Only a single write operations is allowed at a time)
Persisting failed: Another write batch or compaction is already active (Only a single write operations is allowed at a time)
Compaction failed: Another write batch or compaction is already active (Only a single write operations is allowed at a time)
Compaction failed: Another write batch or compaction is already active (Only a single write operations is allowed at a time)
Compaction failed: Another write batch or compaction is already active (Only a single write operations is allowed at a time)
Compaction failed: Another write batch or compaction is already active (Only a single write operations is allowed at a time)
Compaction failed: Another write batch or compaction is already active (Only a single write operations is allowed at a time)
 GET /contracts 200 in 454ms (next.js: 182ms, application-code: 272ms)
 GET /contracts/new 200 in 333ms (next.js: 289ms, application-code: 44ms)
Persisting failed: Another write batch or compaction is already active (Only a single write operations is allowed at a time)
Compaction failed: Another write batch or compaction is already active (Only a single write operations is allowed at a time)
Compaction failed: Another write batch or compaction is already active (Only a single write operations is allowed at a time)
 GET /contracts 200 in 169ms (next.js: 43ms, application-code: 126ms)
Compaction failed: Another write batch or compaction is already active (Only a single write operations is allowed at a time)
 GET /alerts 200 in 72ms (next.js: 18ms, application-code: 54ms)
 GET /dbt 200 in 71ms (next.js: 35ms, application-code: 37ms)
 GET /dbt/catalog 200 in 167ms (next.js: 143ms, application-code: 24ms)
Persisting failed: Another write batch or compaction is already active (Only a single write operations is allowed at a time)
Compaction failed: Another write batch or compaction is already active (Only a single write operations is allowed at a time)
 GET /dbt 200 in 50ms (next.js: 14ms, application-code: 36ms)
Compaction failed: Another write batch or compaction is already active (Only a single write operations is allowed at a time)
 GET /dbt/catalog 200 in 48ms (next.js: 17ms, application-code: 31ms)
 GET /dbt 200 in 34ms (next.js: 11ms, application-code: 23ms)
 GET /lineage 200 in 48ms (next.js: 17ms, application-code: 30ms)
 GET /lineage/graph 200 in 35ms (next.js: 11ms, application-code: 25ms)
Compaction failed: Another write batch or compaction is already active (Only a single write operations is allowed at a time)
 GET /ownership 200 in 71ms (next.js: 38ms, application-code: 33ms)
[browser] The width(-1) and height(-1) of chart should be greater than 0,
       please check the style of container, or the props width(100%) and height(100%),
       or add a minWidth(0) or minHeight(undefined) or use aspect(undefined) to control the
       height and width.
[browser] The width(-1) and height(-1) of chart should be greater than 0,
       please check the style of container, or the props width(100%) and height(100%),
       or add a minWidth(0) or minHeight(undefined) or use aspect(undefined) to control the
       height and width.
Compaction failed: Another write batch or compaction is already active (Only a single write operations is allowed at a time)
 GET /teams 200 in 39ms (next.js: 16ms, application-code: 23ms)
 GET /runbooks 200 in 38ms (next.js: 16ms, application-code: 21ms)
 GET /incidents 200 in 59ms (next.js: 31ms, application-code: 28ms)
Compaction failed: Another write batch or compaction is already active (Only a single write operations is allowed at a time)
 GET /operations 200 in 54ms (next.js: 22ms, application-code: 32ms)
Compaction failed: Another write batch or compaction is already active (Only a single write operations is allowed at a time)
 GET /airflow 200 in 66ms (next.js: 21ms, application-code: 45ms)
[browser] The width(-1) and height(-1) of chart should be greater than 0,
       please check the style of container, or the props width(100%) and height(80%),
       or add a minWidth(0) or minHeight(undefined) or use aspect(undefined) to control the
       height and width.
[browser] The width(-1) and height(-1) of chart should be greater than 0,
       please check the style of container, or the props width(100%) and height(80%),
       or add a minWidth(0) or minHeight(undefined) or use aspect(undefined) to control the
       height and width.
Compaction failed: Another write batch or compaction is already active (Only a single write operations is allowed at a time)
 GET /pipeline-health 200 in 60ms (next.js: 24ms, application-code: 36ms)
[browser] The width(-1) and height(-1) of chart should be greater than 0,
       please check the style of container, or the props width(100%) and height(100%),
       or add a minWidth(0) or minHeight(undefined) or use aspect(undefined) to control the
       height and width.
[browser] The width(-1) and height(-1) of chart should be greater than 0,
       please check the style of container, or the props width(100%) and height(100%),
       or add a minWidth(0) or minHeight(undefined) or use aspect(undefined) to control the
       height and width.
Compaction failed: Another write batch or compaction is already active (Only a single write operations is allowed at a time)
 GET /failures 200 in 59ms (next.js: 25ms, application-code: 34ms)
Compaction failed: Another write batch or compaction is already active (Only a single write operations is allowed at a time)
 GET /alerts 200 in 45ms (next.js: 17ms, application-code: 27ms)
 GET /contracts 200 in 22ms (next.js: 6ms, application-code: 16ms)
 GET /dbt 200 in 19ms (next.js: 6ms, application-code: 13ms)
 GET /ownership 200 in 33ms (next.js: 7ms, application-code: 27ms)
[browser] The width(-1) and height(-1) of chart should be greater than 0,
       please check the style of container, or the props width(100%) and height(100%),
       or add a minWidth(0) or minHeight(undefined) or use aspect(undefined) to control the
       height and width.
[browser] The width(-1) and height(-1) of chart should be greater than 0,
       please check the style of container, or the props width(100%) and height(100%),
       or add a minWidth(0) or minHeight(undefined) or use aspect(undefined) to control the
       height and width.
 GET / 200 in 31ms (next.js: 13ms, application-code: 18ms)
 GET /contracts 200 in 29ms (next.js: 11ms, application-code: 18ms)
 GET /dbt 200 in 24ms (next.js: 5ms, application-code: 18ms)
 GET /runbooks 200 in 17ms (next.js: 5ms, application-code: 13ms)
 GET /lineage 200 in 18ms (next.js: 4ms, application-code: 14ms)
 GET /ownership 200 in 39ms (next.js: 9ms, application-code: 30ms)
[browser] The width(-1) and height(-1) of chart should be greater than 0,
       please check the style of container, or the props width(100%) and height(100%),
       or add a minWidth(0) or minHeight(undefined) or use aspect(undefined) to control the
       height and width.
[browser] The width(-1) and height(-1) of chart should be greater than 0,
       please check the style of container, or the props width(100%) and height(100%),
       or add a minWidth(0) or minHeight(undefined) or use aspect(undefined) to control the
       height and width.
 GET /dbt 200 in 17ms (next.js: 3ms, application-code: 15ms)
Compaction failed: Another write batch or compaction is already active (Only a single write operations is allowed at a time)
 GET /dbt/catalog 200 in 140ms (next.js: 32ms, application-code: 108ms)
Compaction failed: Another write batch or compaction is already active (Only a single write operations is allowed at a time)
 GET /dbt 200 in 79ms (next.js: 17ms, application-code: 62ms)
Compaction failed: Another write batch or compaction is already active (Only a single write operations is allowed at a time)
 GET / 200 in 52ms (next.js: 17ms, application-code: 36ms)
Compaction failed: Another write batch or compaction is already active (Only a single write operations is allowed at a time)
○ Compiling /search ...
 GET /search?q=linage 200 in 5.7s (next.js: 5.6s, application-code: 92ms)
 GET /search?q=linage 200 in 37ms (next.js: 9ms, application-code: 28ms)
 GET /search?q=linage 200 in 29ms (next.js: 3ms, application-code: 26ms)
Persisting failed: Another write batch or compaction is already active (Only a single write operations is allowed at a time)
Compaction failed: Another write batch or compaction is already active (Only a single write operations is allowed at a time)
 GET /lineage 200 in 104ms (next.js: 42ms, application-code: 62ms)
Compaction failed: Another write batch or compaction is already active (Only a single write operations is allowed at a time)
 GET /contracts 200 in 65ms (next.js: 18ms, application-code: 47ms)
 GET / 200 in 26ms (next.js: 7ms, application-code: 19ms)
Compaction failed: Another write batch or compaction is already active (Only a single write operations is allowed at a time)
 GET /search?q=high+risk+ 200 in 39ms (next.js: 10ms, application-code: 29ms)
Compaction failed: Another write batch or compaction is already active (Only a single write operations is allowed at a time)
 GET /pull-requests 200 in 50ms (next.js: 14ms, application-code: 36ms)
Compaction failed: Another write batch or compaction is already active (Only a single write operations is allowed at a time)
 GET /pull-requests/1 200 in 1982ms (next.js: 1909ms, application-code: 74ms)
Persisting failed: Another write batch or compaction is already active (Only a single write operations is allowed at a time)
Compaction failed: Another write batch or compaction is already active (Only a single write operations is allowed at a time)
 GET /github 200 in 87ms (next.js: 36ms, application-code: 51ms)
Compaction failed: Another write batch or compaction is already active (Only a single write operations is allowed at a time)
[browser] The width(-1) and height(-1) of chart should be greater than 0,
       please check the style of container, or the props width(100%) and height(100%),
       or add a minWidth(0) or minHeight(undefined) or use aspect(undefined) to control the
       height and width.
[browser] The width(-1) and height(-1) of chart should be greater than 0,
       please check the style of container, or the props width(100%) and height(100%),
       or add a minWidth(0) or minHeight(undefined) or use aspect(undefined) to control the
       height and width.
 GET /pull-requests 200 in 29ms (next.js: 9ms, application-code: 21ms)
Compaction failed: Another write batch or compaction is already active (Only a single write operations is allowed at a time)
 GET /pull-requests/1 200 in 43ms (next.js: 14ms, application-code: 29ms)
Compaction failed: Another write batch or compaction is already active (Only a single write operations is allowed at a time)
 GET /github 200 in 46ms (next.js: 11ms, application-code: 35ms)
 GET /operations 200 in 50ms (next.js: 12ms, application-code: 38ms)
Compaction failed: Another write batch or compaction is already active (Only a single write operations is allowed at a time)
 GET /airflow 200 in 24ms (next.js: 6ms, application-code: 18ms)
[browser] The width(-1) and height(-1) of chart should be greater than 0,
       please check the style of container, or the props width(100%) and height(80%),
       or add a minWidth(0) or minHeight(undefined) or use aspect(undefined) to control the
       height and width.
[browser] The width(-1) and height(-1) of chart should be greater than 0,
       please check the style of container, or the props width(100%) and height(80%),
       or add a minWidth(0) or minHeight(undefined) or use aspect(undefined) to control the
       height and width.
 GET /pipeline-health 200 in 20ms (next.js: 6ms, application-code: 15ms)
[browser] The width(-1) and height(-1) of chart should be greater than 0,
       please check the style of container, or the props width(100%) and height(100%),
       or add a minWidth(0) or minHeight(undefined) or use aspect(undefined) to control the
       height and width.
[browser] The width(-1) and height(-1) of chart should be greater than 0,
       please check the style of container, or the props width(100%) and height(100%),
       or add a minWidth(0) or minHeight(undefined) or use aspect(undefined) to control the
       height and width.
Compaction failed: Another write batch or compaction is already active (Only a single write operations is allowed at a time)
Compaction failed: Another write batch or compaction is already active (Only a single write operations is allowed at a time)
Compaction failed: Another write batch or compaction is already active (Only a single write operations is allowed at a time)
Compaction failed: Another write batch or compaction is already active (Only a single write operations is allowed at a time)
Compaction failed: Another write batch or compaction is already active (Only a single write operations is allowed at a time)
Compaction failed: Another write batch or compaction is already active (Only a single write operations is allowed at a time)
Compaction failed: Another write batch or compaction is already active (Only a single write operations is allowed at a time)
Compaction failed: Another write batch or compaction is already active (Only a single write operations is allowed at a time)
Compaction failed: Another write batch or compaction is already active (Only a single write operations is allowed at a time)
Compaction failed: Another write batch or compaction is already active (Only a single write operations is allowed at a time)
Compaction failed: Another write batch or compaction is already active (Only a single write operations is allowed at a time)
Compaction failed: Another write batch or compaction is already active (Only a single write operations is allowed at a time)
Compaction failed: Another write batch or compaction is already active (Only a single write operations is allowed at a time)
Compaction failed: Another write batch or compaction is already active (Only a single write operations is allowed at a time)
Compaction failed: Another write batch or compaction is already active (Only a single write operations is allowed at a time)
Compaction failed: Another write batch or compaction is already active (Only a single write operations is allowed at a time)
⚠ Found a change in next.config.ts. Restarting the server to apply the changes...
▲ Next.js 16.2.9 (Turbopack)
- Local:         http://localhost:3000
- Network:       http://192.168.1.35:3000
✓ Ready in 576ms

○ Compiling /pipeline-health ...
The width(-1) and height(-1) of chart should be greater than 0,
       please check the style of container, or the props width(100%) and height(100%),
       or add a minWidth(0) or minHeight(undefined) or use aspect(undefined) to control the
       height and width.
 GET /pipeline-health 200 in 5.5s (next.js: 5.2s, application-code: 269ms)
✓ Finished filesystem cache database compaction in 14.4s
 GET / 200 in 235ms (next.js: 158ms, application-code: 77ms)
 GET /contracts 200 in 151ms (next.js: 85ms, application-code: 65ms)
⚠ Blocked cross-origin request to Next.js dev resource /_next/webpack-hmr from "purple-rabbits-drive.loca.lt".
Cross-origin access to Next.js dev resources is blocked by default for safety.

To allow this host in development, add it to "allowedDevOrigins" in next.config.js and restart the dev server:

// next.config.js
module.exports = {
  allowedDevOrigins: ['purple-rabbits-drive.loca.lt'],
}

Read more: https://nextjs.org/docs/app/api-reference/config/next-config-js/allowedDevOrigins
 GET / 200 in 68ms (next.js: 14ms, application-code: 53ms)
 GET /dbt 200 in 173ms (next.js: 90ms, application-code: 82ms)
 GET /lineage 200 in 113ms (next.js: 68ms, application-code: 46ms)
 GET /ownership 200 in 291ms (next.js: 129ms, application-code: 161ms)
 GET /teams 200 in 122ms (next.js: 68ms, application-code: 54ms)
 GET / 200 in 170ms (next.js: 65ms, application-code: 105ms)
 GET / 200 in 88ms (next.js: 28ms, application-code: 60ms)
 GET /lineage 200 in 75ms (next.js: 14ms, application-code: 61ms)
 GET /dbt 200 in 74ms (next.js: 9ms, application-code: 65ms)
 GET /contracts 200 in 42ms (next.js: 6ms, application-code: 36ms)
The width(-1) and height(-1) of chart should be greater than 0,
       please check the style of container, or the props width(100%) and height(100%),
       or add a minWidth(0) or minHeight(undefined) or use aspect(undefined) to control the
       height and width.
The width(-1) and height(-1) of chart should be greater than 0,
       please check the style of container, or the props width(100%) and height(100%),
       or add a minWidth(0) or minHeight(undefined) or use aspect(undefined) to control the
       height and width.
 GET /executive 200 in 327ms (next.js: 173ms, application-code: 154ms)
The width(-1) and height(-1) of chart should be greater than 0,
       please check the style of container, or the props width(100%) and height(100%),
       or add a minWidth(0) or minHeight(undefined) or use aspect(undefined) to control the
       height and width.
 GET /pipeline-health 200 in 76ms (next.js: 14ms, application-code: 62ms)
 GET /runbooks 200 in 123ms (next.js: 80ms, application-code: 43ms)
 GET /alerts 200 in 123ms (next.js: 74ms, application-code: 49ms)
 GET /contracts 200 in 71ms (next.js: 11ms, application-code: 60ms)
 GET / 200 in 45ms (next.js: 6ms, application-code: 39ms)
 GET / 200 in 51ms (next.js: 14ms, application-code: 37ms)
 GET /contracts 200 in 71ms (next.js: 14ms, application-code: 57ms)
 GET /contracts 200 in 93ms (next.js: 14ms, application-code: 79ms)
 GET /contracts 200 in 90ms (next.js: 31ms, application-code: 59ms)
 GET /contracts 200 in 121ms (next.js: 46ms, application-code: 75ms)
 GET /contracts 200 in 49ms (next.js: 7ms, application-code: 41ms)
 GET /contracts 200 in 74ms (next.js: 13ms, application-code: 60ms)
 GET /contracts 200 in 72ms (next.js: 13ms, application-code: 59ms)
 GET /contracts 200 in 87ms (next.js: 11ms, application-code: 76ms)
 GET /contracts 200 in 72ms (next.js: 14ms, application-code: 58ms)
 GET /contracts 200 in 70ms (next.js: 15ms, application-code: 55ms)
 GET /contracts 200 in 73ms (next.js: 12ms, application-code: 61ms)
 GET /contracts 200 in 44ms (next.js: 9ms, application-code: 35ms)
 GET /contracts 200 in 107ms (next.js: 35ms, application-code: 72ms)
 GET /contracts 200 in 94ms (next.js: 32ms, application-code: 62ms)
 GET /contracts 200 in 52ms (next.js: 8ms, application-code: 43ms)
 GET /contracts 200 in 70ms (next.js: 13ms, application-code: 56ms)
 GET /contracts 200 in 69ms (next.js: 12ms, application-code: 56ms)
 GET /contracts 200 in 76ms (next.js: 16ms, application-code: 60ms)
 GET /contracts 200 in 102ms (next.js: 37ms, application-code: 65ms)
 GET /contracts 200 in 88ms (next.js: 30ms, application-code: 57ms)
 GET /contracts 200 in 70ms (next.js: 16ms, application-code: 53ms)
 GET /contracts 200 in 121ms (next.js: 54ms, application-code: 67ms)
 GET /contracts 200 in 94ms (next.js: 40ms, application-code: 55ms)
 GET /contracts 200 in 94ms (next.js: 35ms, application-code: 59ms)
 GET /contracts 200 in 307ms (next.js: 169ms, application-code: 138ms)
 GET /contracts 200 in 118ms (next.js: 36ms, application-code: 81ms)
 GET /contracts 200 in 91ms (next.js: 30ms, application-code: 61ms)
 GET /contracts 200 in 83ms (next.js: 9ms, application-code: 75ms)
 GET /contracts 200 in 125ms (next.js: 30ms, application-code: 95ms)
 GET /contracts 200 in 90ms (next.js: 25ms, application-code: 65ms)
 GET /contracts 200 in 58ms (next.js: 9ms, application-code: 48ms)
 GET /contracts 200 in 71ms (next.js: 14ms, application-code: 57ms)
[?25h
